timestamp,confirmed,recovered,deaths
2020-10-29 04:24:49,2,0,0
2020-10-29 08:24:38,2,0,0
2020-10-29 13:24:50,2,0,0
2020-10-29 14:24:54,2,0,0
2020-10-29 15:24:42,2,0,0
2020-10-29 16:24:34,2,0,0
2020-10-29 17:24:47,2,0,0
2020-10-29 19:24:46,2,0,0
2020-10-29 20:24:50,2,0,0
2020-10-29 22:24:47,2,0,0
2020-10-29 23:25:06,2,0,0
2020-10-30 00:24:47,2,0,0
2020-10-30 01:24:47,2,0,0
2020-10-30 02:24:45,2,0,0
2020-10-30 03:24:47,2,0,0
2020-10-30 13:24:44,2,0,0
2020-10-30 15:24:49,2,0,0
2020-10-30 16:24:50,2,0,0
2020-10-30 18:24:43,2,0,0
2020-10-30 19:24:40,2,0,0
2020-10-30 20:24:46,2,0,0
2020-10-30 22:24:51,2,0,0
2020-10-31 01:24:53,2,0,0
2020-10-31 11:24:45,2,0,0
2020-10-31 15:24:44,2,0,0
2020-10-31 16:24:43,2,0,0
2020-10-31 17:24:50,2,0,0
2020-10-31 18:25:05,2,0,0
2020-10-31 22:24:41,2,0,0
2020-11-01 01:24:43,2,0,0
2020-11-01 02:24:45,2,0,0
2020-11-01 03:25:04,2,0,0
2020-11-01 05:24:50,2,0,0
2020-11-01 06:24:45,2,0,0
2020-11-01 08:24:48,2,0,0
2020-11-01 09:24:45,2,0,0
2020-11-01 10:24:39,2,0,0
2020-11-01 11:24:47,2,0,0
2020-11-01 12:24:43,2,0,0
2020-11-01 13:24:40,2,0,0
2020-11-01 14:24:38,2,0,0
2020-11-01 16:24:53,2,0,0
2020-11-01 17:24:45,2,0,0
2020-11-01 18:24:53,2,0,0
2020-11-01 20:24:48,2,0,0
2020-11-01 21:24:47,2,0,0
2020-11-01 22:24:45,2,0,0
2020-11-02 01:24:46,2,0,0
2020-11-02 03:24:47,2,0,0
2020-11-02 07:24:53,2,0,0
2020-11-02 12:24:52,2,0,0
2020-11-02 14:24:47,2,0,0
2020-11-02 17:24:35,2,0,0
2020-11-02 18:24:41,2,0,0
2020-11-02 20:24:51,2,0,0
2020-11-02 21:24:51,2,0,0
2020-11-03 06:24:58,2,0,0
2020-11-03 07:24:57,2,0,0
2020-11-03 09:25:01,2,0,0
2020-11-03 10:24:51,2,0,0
2020-11-03 11:25:01,2,0,0
2020-11-03 13:24:59,2,0,0
2020-11-03 14:25:03,2,0,0
2020-11-03 15:24:53,2,0,0
2020-11-03 16:25:04,2,0,0
2020-11-03 18:25:00,2,0,0
2020-11-03 19:25:11,2,0,0
2020-11-03 20:25:06,2,0,0
2020-11-03 22:25:04,2,0,0
2020-11-04 00:25:01,2,0,0
2020-11-04 03:24:58,2,0,0
2020-11-04 05:25:09,2,0,0
2020-11-04 06:24:53,2,0,0
2020-11-04 07:24:54,2,0,0
2020-11-04 08:25:01,2,0,0
2020-11-04 10:24:53,2,0,0
2020-11-04 11:24:50,2,0,0
2020-11-04 12:24:48,2,0,0
2020-11-04 13:25:02,2,0,0
2020-11-04 14:24:48,2,0,0
2020-11-04 15:24:53,2,0,0
2020-11-04 16:25:02,2,0,0
2020-11-04 18:24:56,2,0,0
2020-11-04 20:25:00,2,0,0
2020-11-04 21:25:00,2,0,0
2020-11-04 22:24:53,2,0,0
2020-11-04 23:24:58,2,0,0
2020-11-05 00:25:04,2,0,0
2020-11-05 03:24:54,2,0,0
2020-11-05 04:25:12,2,0,0
2020-11-05 06:24:55,2,0,0
2020-11-05 13:25:14,2,0,0
2020-11-05 15:24:57,2,0,0
2020-11-05 17:25:01,1,0,0
2020-11-05 18:24:55,1,0,0
2020-11-05 19:24:49,1,0,0
2020-11-05 22:25:11,1,0,0
2020-11-06 00:25:17,1,0,0
2020-11-06 01:24:46,1,0,0
2020-11-06 02:24:51,1,0,0
2020-11-06 03:24:53,1,0,0
2020-11-06 04:25:03,1,0,0
2020-11-06 06:24:54,1,0,0
2020-11-06 07:24:53,1,0,0
2020-11-06 12:24:50,1,0,0
2020-11-06 14:24:45,1,0,0
2020-11-06 15:24:44,1,0,0
2020-11-06 17:24:50,1,0,0
2020-11-06 19:24:44,1,0,0
2020-11-07 05:24:52,1,0,0
2020-11-07 06:24:42,1,0,0
2020-11-07 07:24:46,1,0,0
2020-11-07 08:24:42,1,0,0
2020-11-07 15:24:51,1,0,0
2020-11-07 16:24:51,1,0,0
2020-11-07 18:24:55,1,0,0
2020-11-07 23:24:59,1,0,0
2020-11-08 01:24:54,1,0,0
2020-11-08 02:25:07,1,0,0
2020-11-08 03:24:58,1,0,0
2020-11-08 05:24:56,1,0,0
2020-11-08 22:24:59,1,0,0
2020-11-08 23:24:56,1,0,0
2020-11-09 00:25:25,1,0,0
2020-11-09 03:25:28,1,0,0
2020-11-09 09:25:27,1,0,0
2020-11-09 13:25:28,1,0,0
2020-11-09 15:25:30,1,0,0
2020-11-09 16:25:31,1,0,0
2020-11-09 17:25:31,1,0,0
2020-11-09 18:25:30,1,0,0
2020-11-09 20:25:29,1,0,0
2020-11-09 22:26:16,1,0,0
2020-11-10 00:25:07,1,0,0
2020-11-10 01:25:06,1,0,0
2020-11-10 02:25:02,1,0,0
2020-11-10 04:25:05,1,0,0
2020-11-10 05:48:30,1,0,0
2020-11-10 19:25:43,1,0,0
2020-11-10 20:25:41,1,0,0
2020-11-10 21:25:37,1,0,0
2020-11-11 00:25:18,1,0,0
2020-11-11 03:25:16,1,0,0
2020-11-11 05:25:30,1,0,0
2020-11-11 06:25:21,1,0,0
2020-11-11 19:25:18,1,0,0
2020-11-11 20:25:10,1,0,0
2020-11-11 22:25:05,1,0,0
2020-11-11 23:25:19,1,0,0
2020-11-12 00:25:14,1,0,0
2020-11-12 01:25:14,1,0,0
2020-11-12 02:25:25,1,0,0
2020-11-12 03:24:23,1,0,0
2020-11-12 04:27:07,1,0,0
2020-11-12 05:25:55,1,0,0
2020-11-12 06:26:13,1,0,0
2020-11-12 07:26:42,1,0,0
2020-11-12 08:26:04,1,0,0
2020-11-12 09:25:57,1,0,0
2020-11-12 10:26:33,1,0,0
2020-11-12 12:26:29,1,0,0
2020-11-12 13:25:40,1,0,0
2020-11-12 15:25:08,1,0,0
2020-11-12 19:26:49,1,0,0
2020-11-12 20:25:09,1,0,0
2020-11-12 21:25:08,1,0,0
2020-11-12 22:26:25,1,0,0
2020-11-12 23:25:30,1,0,0
2020-11-13 00:26:19,1,0,0
2020-11-13 13:25:19,1,0,0
2020-11-13 14:25:31,1,0,0
2020-11-13 16:25:23,1,0,0
2020-11-13 18:25:32,1,0,0
2020-11-13 19:25:23,1,1,0
2020-11-13 20:25:34,1,1,0
2020-11-13 22:26:25,1,1,0
2020-11-14 00:25:39,1,1,0
2020-11-14 01:25:49,1,1,0
2020-11-14 02:25:25,1,1,0
2020-11-14 03:25:33,1,1,0
2020-11-14 05:25:37,1,1,0
2020-11-14 10:25:19,1,1,0
2020-11-14 15:26:38,1,1,0
2020-11-14 16:26:34,1,1,0
2020-11-14 17:25:27,1,1,0
2020-11-14 21:27:09,1,1,0
2020-11-14 22:26:50,1,1,0
2020-11-15 02:27:05,1,1,0
2020-11-15 03:25:40,1,1,0
2020-11-15 04:27:18,1,1,0
2020-11-15 05:26:53,1,1,0
2020-11-15 06:26:44,1,1,0
2020-11-15 07:25:38,1,1,0
2020-11-15 09:27:03,1,1,0
2020-11-15 10:25:51,1,1,0
2020-11-15 12:26:42,1,1,0
2020-11-15 13:27:03,1,1,0
2020-11-15 14:25:56,1,1,0
2020-11-15 15:27:06,1,1,0
2020-11-15 16:27:04,1,1,0
2020-11-15 18:26:07,1,1,0
2020-11-15 19:26:47,1,1,0
2020-11-15 20:26:49,1,1,0
2020-11-15 21:27:09,1,1,0
2020-11-15 22:27:01,1,1,0
2020-11-16 00:25:48,1,1,0
2020-11-16 02:27:07,1,1,0
2020-11-16 03:26:48,1,1,0
2020-11-16 04:27:12,1,1,0
2020-11-16 14:27:12,1,1,0
2020-11-17 06:27:06,1,1,0
2020-11-17 15:27:11,1,1,0
2020-11-17 17:26:15,1,1,0
2020-11-17 18:25:25,1,1,0
2020-11-17 20:25:58,1,1,0
2020-11-17 22:25:35,1,1,0
2020-11-18 00:27:05,1,1,0
2020-11-18 01:27:26,1,1,0
2020-11-18 02:25:52,1,1,0
2020-11-18 03:26:18,1,1,0
2020-11-18 04:27:29,1,1,0
2020-11-18 05:25:49,4,1,0
2020-11-18 06:26:51,4,1,0
2020-11-18 07:26:44,4,1,0
2020-11-18 08:26:30,4,1,0
2020-11-18 09:25:45,4,1,0
2020-11-18 10:25:30,4,1,0
2020-11-18 12:26:54,4,1,0
2020-11-18 13:25:31,4,1,0
2020-11-18 15:26:56,4,1,0
2020-11-18 16:25:48,4,1,0
2020-11-18 17:25:18,4,1,0
2020-11-18 19:25:09,4,1,0
2020-11-18 20:25:36,4,1,0
2020-11-18 21:25:26,4,1,0
2020-11-18 22:25:12,4,1,0
2020-11-18 23:25:16,4,1,0
2020-11-19 00:25:34,4,1,0
2020-11-19 01:25:20,4,1,0
2020-11-19 02:26:37,4,1,0
2020-11-19 04:28:13,4,1,0
2020-11-19 05:25:23,4,1,0
2020-11-19 06:28:35,4,1,0
2020-11-19 07:26:40,4,1,0
2020-11-19 08:26:31,4,1,0
2020-11-19 09:25:27,4,1,0
2020-11-19 10:25:17,4,1,0
2020-11-19 11:26:24,4,1,0
2020-11-19 13:26:25,4,1,0
2020-11-19 14:28:02,4,1,0
2020-11-19 15:25:20,4,1,0
2020-11-19 16:25:17,4,1,0
2020-11-19 17:26:24,4,1,0
2020-11-19 18:26:26,4,1,0
2020-11-19 20:25:24,4,1,0
2020-11-19 21:25:34,4,1,0
2020-11-19 22:25:12,4,1,0
2020-11-19 23:26:27,4,1,0
2020-11-20 00:26:45,4,1,0
2020-11-20 01:26:46,4,1,0
2020-11-20 02:26:42,4,1,0
2020-11-20 04:25:30,4,1,0
2020-11-20 06:25:12,4,1,0
2020-11-20 09:25:34,4,1,0
2020-11-20 10:25:16,4,1,0
2020-11-20 12:25:12,4,1,0
2020-11-20 14:26:52,4,1,0
2020-11-20 15:25:41,4,1,0
2020-11-20 16:27:08,4,1,0
2020-11-20 17:25:27,4,1,0
2020-11-20 18:25:27,4,1,0
2020-11-20 19:25:43,4,1,0
2020-11-20 21:25:42,4,1,0
2020-11-20 22:25:29,4,1,0
2020-11-20 23:25:52,4,1,0
2020-11-21 00:26:15,4,1,0
2020-11-21 02:25:33,4,1,0
2020-11-21 14:25:36,4,1,0
2020-11-21 17:25:57,4,1,0
2020-11-21 18:25:38,4,1,0
2020-11-21 19:25:44,4,1,0
2020-11-21 20:27:09,4,1,0
2020-11-22 00:26:56,4,1,0
2020-11-22 01:26:58,4,1,0
2020-11-22 02:25:34,4,1,0
2020-11-22 03:25:28,4,1,0
2020-11-22 05:25:45,4,1,0
2020-11-22 07:25:50,4,1,0
2020-11-22 08:27:13,4,1,0
2020-11-22 09:25:51,4,1,0
2020-11-22 10:25:41,4,1,0
2020-11-22 12:25:27,4,1,0
2020-11-22 13:25:50,4,1,0
2020-11-22 14:25:46,4,1,0
2020-11-22 16:27:11,4,1,0
2020-11-22 17:26:39,4,1,0
2020-11-22 18:25:33,4,1,0
2020-11-22 19:25:38,4,1,0
2020-11-22 21:27:07,4,1,0
2020-11-22 22:26:49,4,1,0
2020-11-22 23:26:03,4,1,0
2020-11-23 01:25:45,4,1,0
2020-11-23 02:27:02,4,1,0
2020-11-23 04:25:36,4,1,0
2020-11-23 05:25:26,4,1,0
2020-11-23 07:26:37,4,1,0
2020-11-23 08:25:30,4,1,0
2020-11-23 09:27:10,4,1,0
2020-11-23 11:26:08,4,1,0
2020-11-23 12:25:58,4,1,0
2020-11-23 13:27:25,4,1,0
2020-11-23 14:26:05,4,1,0
2020-11-23 15:26:28,4,1,0
2020-11-23 17:26:59,4,1,0
2020-11-23 18:25:50,4,1,0
2020-11-23 19:25:46,4,1,0
2020-11-23 20:26:11,4,1,0
2020-11-23 21:27:02,4,1,0
2020-11-23 22:26:02,4,1,0
2020-11-23 23:26:28,4,1,0
2020-11-24 01:26:01,4,1,0
2020-11-24 03:27:24,4,1,0
2020-11-24 04:27:38,4,1,0
2020-11-24 05:27:31,4,1,0
2020-11-24 06:26:03,4,1,0
2020-11-24 07:27:33,4,1,0
2020-11-24 08:25:48,4,1,0
2020-11-24 09:27:05,4,1,0
2020-11-24 10:25:47,4,1,0
2020-11-24 11:26:17,4,1,0
2020-11-24 12:27:34,4,1,0
2020-11-24 13:27:07,4,1,0
2020-11-24 14:27:24,4,1,0
2020-11-24 15:26:05,4,1,0
2020-11-24 19:27:36,4,1,0
2020-11-24 20:27:30,4,1,0
2020-11-24 22:25:58,4,1,0
2020-11-25 00:26:22,4,1,0
2020-11-25 01:26:44,4,1,0
2020-11-25 02:26:29,4,1,0
2020-11-25 03:27:09,4,1,0
2020-11-25 04:25:56,4,1,0
2020-11-25 06:26:16,4,1,0
2020-11-25 07:27:30,4,1,0
2020-11-25 08:27:39,4,1,0
2020-11-25 09:26:14,4,1,0
2020-11-25 10:26:22,4,1,0
2020-11-25 11:26:07,4,1,0
2020-11-25 12:26:29,4,1,0
2020-11-25 13:26:40,4,1,0
2020-11-25 14:26:24,4,1,0
2020-11-25 15:27:30,4,1,0
2020-11-25 16:25:53,4,1,0
2020-11-25 18:26:01,4,1,0
2020-11-25 19:26:19,4,1,0
2020-11-25 20:27:18,4,1,0
2020-11-25 21:26:00,4,1,0
2020-11-25 22:27:19,4,1,0
2020-11-25 23:26:36,4,1,0
2020-11-26 00:26:17,4,1,0
2020-11-26 01:26:41,4,1,0
2020-11-26 02:27:44,4,1,0
2020-11-26 03:27:34,4,1,0
2020-11-26 04:27:54,4,1,0
2020-11-29 17:25:44,4,1,0
2020-11-29 20:25:36,4,1,0
2020-11-29 21:27:17,4,1,0
2020-11-29 22:26:59,4,1,0
2020-11-30 01:27:36,4,1,0
2020-11-30 02:27:33,4,1,0
2020-11-30 03:26:42,4,1,0
2020-11-30 04:26:17,4,1,0
2020-11-30 06:26:02,4,1,0
2020-11-30 10:25:39,4,1,0
2020-11-30 14:26:24,4,1,0
2020-11-30 15:26:16,4,1,0
2020-11-30 16:25:45,4,1,0
2020-11-30 17:27:21,4,1,0
2020-11-30 19:26:59,4,1,0
2020-11-30 23:27:37,4,1,0
2020-12-01 01:27:57,4,1,0
2020-12-01 02:27:50,4,1,0
2020-12-01 04:26:14,4,1,0
2020-12-01 05:26:18,4,1,0
2020-12-01 06:25:51,4,1,0
2020-12-01 10:25:48,4,1,0
2020-12-01 14:27:19,4,1,0
2020-12-01 15:27:20,4,1,0
2020-12-01 23:26:35,4,1,0
2020-12-02 01:26:50,4,1,0
2020-12-02 03:27:52,4,1,0
2020-12-02 04:26:35,4,1,0
2020-12-02 05:27:41,4,1,0
2020-12-02 06:28:04,4,1,0
2020-12-02 13:28:00,4,1,0
2020-12-02 14:26:32,4,1,0
2020-12-02 21:26:40,4,1,0
2020-12-02 23:26:22,4,1,0
2020-12-03 00:27:12,4,1,0
2020-12-03 02:27:59,4,1,0
2020-12-03 03:28:14,4,1,0
2020-12-03 04:26:32,4,1,0
2020-12-03 14:28:12,4,1,0
2020-12-03 15:27:56,4,1,0
2020-12-03 16:27:51,4,1,0
2020-12-03 18:27:58,4,1,0
2020-12-03 20:27:59,4,4,0
2020-12-03 21:25:59,4,4,0
2020-12-04 01:27:46,4,4,0
2020-12-04 02:27:28,4,4,0
2020-12-04 04:27:27,4,4,0
2020-12-04 05:27:27,4,4,0
2020-12-04 06:27:50,4,4,0
2020-12-04 10:28:10,4,4,0
2020-12-04 15:27:51,4,4,0
2020-12-04 16:27:55,4,4,0
2020-12-04 17:26:22,4,4,0
2020-12-04 18:27:56,4,4,0
2020-12-04 20:26:04,4,4,0
2020-12-04 21:28:15,4,4,0
2020-12-04 23:28:26,4,4,0
2020-12-05 00:28:06,4,4,0
2020-12-05 02:28:37,4,4,0
2020-12-05 03:26:05,4,4,0
2020-12-05 15:27:37,4,4,0
2020-12-05 16:26:37,4,4,0
2020-12-05 21:26:28,4,4,0
2020-12-05 22:27:47,4,4,0
2020-12-05 23:26:05,4,4,0
2020-12-06 00:27:41,4,4,0
2020-12-06 01:26:15,4,4,0
2020-12-06 03:28:00,4,4,0
2020-12-06 13:28:22,4,4,0
2020-12-06 14:28:23,4,4,0
2020-12-06 15:26:15,4,4,0
2020-12-06 16:26:06,4,4,0
2020-12-06 17:27:52,4,4,0
2020-12-06 18:26:33,4,4,0
2020-12-06 19:26:04,4,4,0
2020-12-06 21:26:00,4,4,0
2020-12-06 22:27:46,4,4,0
2020-12-06 23:27:40,4,4,0
2020-12-07 01:26:17,4,4,0
2020-12-07 02:26:01,4,4,0
2020-12-07 03:25:54,4,4,0
2020-12-07 05:26:14,4,4,0
2020-12-07 06:27:45,4,4,0
2020-12-07 07:28:02,4,4,0
2020-12-07 08:26:00,4,4,0
2020-12-07 09:26:19,4,4,0
2020-12-07 10:26:33,4,4,0
2020-12-07 14:26:15,4,4,0
2020-12-07 15:26:17,4,4,0
2020-12-07 16:28:14,4,4,0
2020-12-07 17:26:40,4,4,0
2020-12-07 19:27:29,4,4,0
2020-12-07 20:26:36,4,4,0
2020-12-07 22:26:41,4,4,0
2020-12-07 23:26:23,4,4,0
2020-12-08 00:27:54,4,4,0
2020-12-08 07:26:10,4,4,0
2020-12-08 13:28:29,4,4,0
2020-12-08 14:26:23,4,4,0
2020-12-08 16:27:57,4,4,0
2020-12-08 17:27:20,4,4,0
2020-12-08 18:26:08,4,4,0
2020-12-08 20:26:31,4,4,0
2020-12-09 01:27:58,4,4,0
2020-12-09 04:26:45,4,4,0
2020-12-09 10:26:19,4,4,0
2020-12-09 11:28:00,4,4,0
2020-12-09 17:27:43,4,4,0
2020-12-09 20:26:27,4,4,0
2020-12-09 21:26:26,4,4,0
2020-12-09 22:26:34,4,4,0
2020-12-09 23:28:32,4,4,0
2020-12-10 00:26:51,4,4,0
2020-12-10 02:26:37,4,4,0
2020-12-10 07:26:44,4,4,0
2020-12-10 09:26:52,4,4,0
2020-12-10 10:27:07,4,4,0
2020-12-10 11:28:05,4,4,0
2020-12-10 14:26:47,4,4,0
2020-12-10 16:26:38,4,4,0
2020-12-10 18:27:00,4,4,0
2020-12-10 19:28:20,4,4,0
2020-12-10 21:26:21,4,4,0
2020-12-10 22:26:35,4,4,0
2020-12-10 23:28:21,4,4,0
2020-12-11 00:28:11,4,4,0
2020-12-11 02:28:36,4,4,0
2020-12-11 03:27:57,4,4,0
2020-12-11 04:26:26,4,4,0
2020-12-11 05:26:59,4,4,0
2020-12-11 13:28:00,4,4,0
2020-12-11 15:26:38,4,4,0
2020-12-11 16:26:46,4,4,0
2020-12-11 18:26:31,4,4,0
2020-12-11 19:28:17,4,4,0
2020-12-11 20:26:58,4,4,0
2020-12-11 21:28:05,4,4,0
2020-12-12 04:26:57,4,4,0
2020-12-12 07:26:16,4,4,0
2020-12-12 17:27:00,4,4,0
2020-12-12 19:26:45,4,4,0
2020-12-12 20:26:19,4,4,0
2020-12-12 21:26:42,4,4,0
2020-12-12 22:26:38,4,4,0
2020-12-12 23:26:35,4,4,0
2020-12-13 00:26:30,4,4,0
2020-12-13 01:26:24,4,4,0
2020-12-13 02:27:35,4,4,0
2020-12-13 03:26:38,4,4,0
2020-12-13 05:27:20,4,4,0
2020-12-13 06:26:21,4,4,0
2020-12-13 07:26:56,4,4,0
2020-12-13 12:26:15,4,4,0
2020-12-13 15:26:44,4,4,0
2020-12-13 17:26:27,4,4,0
2020-12-13 23:27:49,4,4,0
2020-12-14 00:26:53,4,4,0
2020-12-14 02:27:38,4,4,0
2020-12-14 03:26:16,4,4,0
2020-12-14 04:26:44,4,4,0
2020-12-14 05:26:27,4,4,0
2020-12-14 06:27:54,4,4,0
2020-12-14 11:28:21,4,4,0
2020-12-14 15:26:59,4,4,0
2020-12-14 16:28:24,4,4,0
2020-12-14 17:28:08,4,4,0
2020-12-14 19:26:23,4,4,0
2020-12-14 20:26:49,4,4,0
2020-12-14 22:26:54,4,4,0
2020-12-15 02:28:01,4,4,0
2020-12-15 03:26:28,4,4,0
2020-12-15 04:28:16,4,4,0
2020-12-15 06:26:51,4,4,0
2020-12-15 14:28:01,4,4,0
2020-12-15 15:27:49,4,4,0
2020-12-15 16:26:58,4,4,0
2020-12-15 17:27:34,4,4,0
2020-12-15 18:26:55,4,4,0
2020-12-15 19:26:40,4,4,0
2020-12-15 20:27:19,4,4,0
2020-12-15 21:28:20,4,4,0
2020-12-15 23:27:32,4,4,0
2020-12-16 00:28:27,4,4,0
2020-12-16 01:28:05,4,4,0
2020-12-16 02:28:29,4,4,0
2020-12-16 04:26:28,4,4,0
2020-12-16 05:28:04,4,4,0
2020-12-16 15:28:04,4,4,0
2020-12-16 18:27:16,4,4,0
2020-12-16 20:28:51,4,4,0
2020-12-16 21:26:49,4,4,0
2020-12-16 22:27:05,4,4,0
2020-12-16 23:28:51,4,4,0
2020-12-17 02:29:08,4,4,0
2020-12-17 04:28:51,4,4,0
2020-12-17 05:28:12,4,4,0
2020-12-17 07:28:49,4,4,0
2020-12-17 15:27:10,4,4,0
2020-12-17 16:28:27,4,4,0
2020-12-17 17:28:17,4,4,0
2020-12-17 18:27:05,4,4,0
2020-12-17 19:29:17,4,4,0
2020-12-17 21:27:14,4,4,0
2020-12-17 22:26:44,4,4,0
2020-12-18 00:27:29,4,4,0
2020-12-18 01:27:20,4,4,0
2020-12-18 02:27:09,4,4,0
2020-12-18 03:26:54,4,4,0
2020-12-18 04:26:38,4,4,0
2020-12-18 05:28:18,4,4,0
2020-12-18 13:28:56,4,4,0
2020-12-18 15:27:04,4,4,0
2020-12-18 18:27:02,4,4,0
2020-12-18 19:27:10,4,4,0
2020-12-18 20:27:18,4,4,0
2020-12-18 21:27:38,4,4,0
2020-12-18 23:27:17,4,4,0
2020-12-19 01:28:10,4,4,0
2020-12-19 03:28:19,4,4,0
2020-12-19 05:27:52,4,4,0
2020-12-19 06:27:23,4,4,0
2020-12-19 10:27:16,4,4,0
2020-12-19 14:27:23,4,4,0
2020-12-19 15:29:14,4,4,0
2020-12-19 17:28:40,4,4,0
2020-12-19 18:27:41,4,4,0
2020-12-19 19:27:49,4,4,0
2020-12-19 20:27:42,4,4,0
2020-12-19 22:27:10,4,4,0
2020-12-19 23:29:26,4,4,0
2020-12-20 00:27:30,4,4,0
2020-12-20 05:27:32,4,4,0
2020-12-20 15:29:44,4,4,0
2020-12-20 16:29:52,4,4,0
2020-12-20 17:27:40,4,4,0
2020-12-20 18:27:32,4,4,0
2020-12-20 19:27:50,4,4,0
2020-12-20 20:27:39,4,4,0
2020-12-20 22:29:59,4,4,0
2020-12-20 23:27:19,4,4,0
2020-12-21 00:28:01,4,4,0
2020-12-21 01:29:02,4,4,0
2020-12-21 02:28:15,4,4,0
2020-12-21 03:27:47,4,4,0
2020-12-21 04:30:10,4,4,0
2020-12-21 05:27:58,4,4,0
2020-12-21 09:28:04,4,4,0
2020-12-21 13:27:30,4,4,0
2020-12-21 14:22:37,4,4,0
2020-12-21 16:23:00,4,4,0
2020-12-21 17:22:58,4,4,0
2020-12-21 19:22:28,4,4,0
2020-12-21 20:22:41,4,4,0
2020-12-21 21:22:38,4,4,0
2020-12-21 22:22:38,4,4,0
2020-12-22 00:22:31,4,4,0
2020-12-22 01:22:41,4,4,0
2020-12-22 02:22:08,4,4,0
2020-12-22 04:22:26,4,4,0
2020-12-22 05:22:33,4,4,0
2020-12-22 06:22:55,4,4,0
2020-12-22 07:22:50,4,4,0
2020-12-22 08:22:45,4,4,0
2020-12-22 09:22:35,4,4,0
2020-12-22 10:22:22,4,4,0
2020-12-22 11:22:24,4,4,0
2020-12-22 12:22:44,4,4,0
2020-12-22 13:22:32,4,4,0
2020-12-22 15:22:51,4,4,0
2020-12-22 17:22:14,4,4,0
2020-12-22 18:22:26,4,4,0
2020-12-22 19:22:18,4,4,0
2020-12-22 20:22:08,4,4,0
2020-12-22 21:23:15,4,4,0
2020-12-22 22:22:34,4,4,0
2020-12-22 23:22:35,4,4,0
2020-12-23 00:22:30,4,4,0
2020-12-23 01:21:59,4,4,0
2020-12-23 02:22:30,4,4,0
2020-12-23 03:22:26,4,4,0
2020-12-23 04:21:58,4,4,0
2020-12-23 05:22:03,4,4,0
2020-12-23 20:22:37,4,4,0
2020-12-23 21:22:38,4,4,0
2020-12-23 22:22:48,4,4,0
2020-12-23 23:22:23,4,4,0
2020-12-24 00:22:40,4,4,0
2020-12-24 01:22:41,4,4,0
2020-12-24 02:22:47,4,4,0
2020-12-24 03:22:46,4,4,0
2020-12-24 04:23:00,4,4,0
2020-12-24 05:23:04,4,4,0
2020-12-24 06:22:34,4,4,0
2020-12-24 07:22:20,4,4,0
2020-12-24 08:22:36,4,4,0
2020-12-24 09:22:50,4,4,0
2020-12-24 10:22:33,4,4,0
2020-12-24 11:22:29,4,4,0
2020-12-24 12:22:41,4,4,0
2020-12-24 13:22:08,4,4,0
2020-12-24 15:22:18,4,4,0
2020-12-24 17:22:23,4,4,0
2020-12-24 18:22:59,4,4,0
2020-12-24 19:22:19,4,4,0
2020-12-24 20:23:13,4,4,0
2020-12-24 22:22:54,4,4,0
2020-12-24 23:22:16,4,4,0
2020-12-25 00:22:24,4,4,0
2020-12-25 01:22:32,4,4,0
2020-12-25 02:22:24,4,4,0
2020-12-25 04:22:39,4,4,0
2020-12-25 05:22:48,4,4,0
2020-12-25 06:22:33,4,4,0
2020-12-25 07:22:53,4,4,0
2020-12-25 08:22:41,4,4,0
2020-12-25 09:22:05,4,4,0
2020-12-25 10:22:48,4,4,0
2020-12-25 11:22:18,4,4,0
2020-12-25 13:22:22,4,4,0
2020-12-25 14:22:16,4,4,0
2020-12-25 15:22:10,4,4,0
2020-12-25 16:22:32,4,4,0
2020-12-25 21:22:38,4,4,0
2020-12-26 01:22:57,4,4,0
2020-12-26 03:22:43,4,4,0
2020-12-26 04:23:13,4,4,0
2020-12-26 05:22:28,4,4,0
2020-12-26 06:22:07,4,4,0
2020-12-26 07:22:30,4,4,0
2020-12-26 09:22:43,4,4,0
2020-12-26 10:22:17,4,4,0
2020-12-26 12:21:56,4,4,0
2020-12-26 13:22:13,4,4,0
2020-12-26 14:22:39,4,4,0
2020-12-26 15:22:06,4,4,0
2020-12-26 16:22:26,4,4,0
2020-12-26 18:22:14,4,4,0
2020-12-26 20:22:02,4,4,0
2020-12-26 21:22:36,4,4,0
2020-12-26 23:22:50,4,4,0
2020-12-27 00:22:38,4,4,0
2020-12-27 01:22:51,4,4,0
2020-12-27 02:22:50,4,4,0
2020-12-27 04:22:29,4,4,0
2020-12-27 05:22:55,4,4,0
2020-12-27 06:22:30,4,4,0
2020-12-27 07:22:08,4,4,0
2020-12-27 08:22:08,4,4,0
2020-12-27 09:22:17,4,4,0
2020-12-27 10:22:54,4,4,0
2020-12-27 11:22:38,4,4,0
2020-12-27 12:22:33,4,4,0
2020-12-27 13:22:43,4,4,0
2020-12-27 14:22:29,4,4,0
2020-12-27 15:23:08,4,4,0
2020-12-27 17:22:33,4,4,0
2020-12-27 18:22:32,4,4,0
2020-12-27 20:22:33,4,4,0
2020-12-27 21:22:36,4,4,0
2020-12-27 22:22:24,4,4,0
2020-12-27 23:22:23,4,4,0
2020-12-28 00:22:48,4,4,0
2020-12-28 03:22:30,4,4,0
2020-12-28 05:22:06,4,4,0
2020-12-28 06:22:35,4,4,0
2020-12-28 14:22:49,4,4,0
2020-12-28 17:22:28,4,4,0
2020-12-28 18:22:09,4,4,0
2020-12-28 19:22:33,4,4,0
2020-12-28 21:22:21,4,4,0
2020-12-29 04:23:04,4,4,0
2020-12-29 14:22:29,4,4,0
2020-12-29 16:22:46,4,4,0
2020-12-29 17:23:03,4,4,0
2020-12-29 18:22:52,4,4,0
2020-12-29 20:22:43,4,4,0
2020-12-29 21:22:57,4,4,0
2020-12-30 00:22:32,4,4,0
2020-12-30 01:22:24,4,4,0
2020-12-30 02:22:41,4,4,0
2020-12-30 04:22:34,4,4,0
2020-12-30 05:22:34,4,4,0
2020-12-30 06:22:15,4,4,0
2020-12-30 07:22:16,4,4,0
2020-12-30 08:22:05,4,4,0
2020-12-30 09:22:12,4,4,0
2020-12-30 10:22:27,4,4,0
2020-12-30 11:22:38,4,4,0
2020-12-30 12:23:04,4,4,0
2020-12-30 13:22:52,4,4,0
2020-12-30 14:22:39,4,4,0
2020-12-30 15:22:40,4,4,0
2020-12-30 16:22:36,4,4,0
2020-12-30 17:22:29,4,4,0
2020-12-30 18:22:42,4,4,0
2020-12-30 20:22:54,4,4,0
2020-12-30 22:22:36,4,4,0
2020-12-30 23:23:08,4,4,0
2020-12-31 01:22:49,4,4,0
2020-12-31 03:22:49,4,4,0
2020-12-31 04:23:14,4,4,0
2020-12-31 06:22:49,4,4,0
2020-12-31 07:22:36,4,4,0
2020-12-31 08:22:23,4,4,0
2020-12-31 09:22:49,4,4,0
2020-12-31 10:22:50,4,4,0
2020-12-31 11:22:56,4,4,0
2020-12-31 12:22:48,4,4,0
2020-12-31 13:22:35,4,4,0
2020-12-31 14:22:32,4,4,0
2020-12-31 16:22:57,4,4,0
2020-12-31 18:22:58,4,4,0
2020-12-31 20:23:13,4,4,0
2020-12-31 21:23:12,4,4,0
2020-12-31 22:23:05,4,4,0
2020-12-31 23:23:16,4,4,0
2021-01-01 00:23:03,4,4,0
2021-01-01 01:23:13,4,4,0
2021-01-01 02:23:01,4,4,0
2021-01-01 03:23:03,4,4,0
2021-01-01 14:22:58,4,4,0
2021-01-01 15:22:42,4,4,0
2021-01-01 16:22:26,4,4,0
2021-01-01 17:22:43,4,4,0
2021-01-01 18:22:49,4,4,0
2021-01-01 19:23:12,4,4,0
2021-01-01 20:23:01,4,4,0
2021-01-01 21:22:31,4,4,0
2021-01-02 00:23:04,4,4,0
2021-01-02 16:22:37,4,4,0
2021-01-02 17:22:51,4,4,0
2021-01-02 18:23:14,4,4,0
2021-01-02 19:22:53,4,4,0
2021-01-02 20:23:12,4,4,0
2021-01-02 22:22:31,4,4,0
2021-01-02 23:22:56,4,4,0
2021-01-03 00:23:09,4,4,0
2021-01-03 01:22:50,4,4,0
2021-01-03 03:22:46,4,4,0
2021-01-03 04:22:34,4,4,0
2021-01-03 05:22:52,4,4,0
2021-01-03 15:22:33,4,4,0
2021-01-03 16:22:57,4,4,0
2021-01-03 17:22:36,4,4,0
2021-01-03 18:23:07,4,4,0
2021-01-03 19:23:16,4,4,0
2021-01-03 20:23:25,4,4,0
2021-01-03 21:23:09,4,4,0
2021-01-03 22:22:55,4,4,0
2021-01-04 00:23:07,4,4,0
2021-01-04 01:22:43,4,4,0
2021-01-04 02:22:58,4,4,0
2021-01-04 03:22:59,4,4,0
2021-01-04 05:22:02,4,4,0
2021-01-04 14:22:28,4,4,0
2021-01-04 16:24:50,4,4,0
2021-01-04 17:22:07,4,4,0
2021-01-04 19:22:04,4,4,0
2021-01-04 20:22:37,4,4,0
2021-01-04 21:22:24,4,4,0
2021-01-04 23:22:27,4,4,0
2021-01-05 00:22:34,4,4,0
2021-01-05 01:22:15,4,4,0
2021-01-05 02:22:15,4,4,0
2021-01-05 03:22:21,4,4,0
2021-01-05 04:22:07,4,4,0
2021-01-05 15:22:19,4,4,0
2021-01-05 16:22:20,4,4,0
2021-01-05 17:22:17,4,4,0
2021-01-05 18:22:10,4,4,0
2021-01-05 19:21:53,4,4,0
2021-01-05 20:22:27,4,4,0
2021-01-05 21:22:28,4,4,0
2021-01-05 22:22:36,4,4,0
2021-01-06 00:22:35,4,4,0
2021-01-06 01:22:42,4,4,0
2021-01-06 02:22:29,4,4,0
2021-01-06 03:22:31,4,4,0
2021-01-06 04:22:55,4,4,0
2021-01-06 05:22:16,4,4,0
2021-01-06 06:22:04,4,4,0
2021-01-06 07:22:41,4,4,0
2021-01-06 08:22:25,4,4,0
2021-01-06 09:21:53,4,4,0
2021-01-06 10:22:04,4,4,0
2021-01-06 11:22:23,4,4,0
2021-01-06 12:22:43,4,4,0
2021-01-06 13:22:14,4,4,0
2021-01-06 14:22:33,4,4,0
2021-01-06 15:22:03,4,4,0
2021-01-06 16:22:41,4,4,0
2021-01-07 00:21:52,4,4,0
2021-01-07 01:22:28,4,4,0
2021-01-07 02:22:27,4,4,0
2021-01-07 03:22:12,4,4,0
2021-01-07 04:22:32,4,4,0
2021-01-07 22:23:04,4,4,0
2021-01-07 23:22:25,4,4,0
2021-01-08 00:22:19,4,4,0
2021-01-08 01:22:15,4,4,0
2021-01-08 02:22:15,4,4,0
2021-01-08 03:22:34,4,4,0
2021-01-08 04:22:19,4,4,0
2021-01-08 05:22:42,4,4,0
2021-01-08 06:22:22,4,4,0
2021-01-08 07:22:27,4,4,0
2021-01-08 08:22:22,4,4,0
2021-01-08 09:21:50,4,4,0
2021-01-08 10:22:17,4,4,0
2021-01-08 11:22:28,4,4,0
2021-01-08 12:21:53,4,4,0
2021-01-08 23:22:27,4,4,0
2021-01-09 05:22:18,4,4,0
2021-01-09 06:22:22,4,4,0
2021-01-09 14:22:02,4,4,0
2021-01-09 15:22:44,4,4,0
2021-01-09 16:22:40,4,4,0
2021-01-09 17:22:14,4,4,0
2021-01-09 21:22:32,4,4,0
2021-01-09 22:21:55,4,4,0
2021-01-10 01:21:59,4,4,0
2021-01-10 03:22:12,4,4,0
2021-01-10 04:22:27,4,4,0
2021-01-10 05:22:12,4,4,0
2021-01-10 06:21:58,4,4,0
2021-01-10 07:22:24,4,4,0
2021-01-10 08:22:09,4,4,0
2021-01-10 09:21:59,4,4,0
2021-01-10 10:21:52,4,4,0
2021-01-10 11:22:41,4,4,0
2021-01-10 12:22:49,4,4,0
2021-01-10 13:22:04,4,4,0
2021-01-10 14:22:41,4,4,0
2021-01-10 15:22:51,4,4,0
2021-01-10 16:22:10,4,4,0
2021-01-10 17:22:07,4,4,0
2021-01-10 18:22:18,4,4,0
2021-01-10 19:22:28,4,4,0
2021-01-10 20:22:10,4,4,0
2021-01-10 21:22:40,4,4,0
2021-01-10 22:22:09,4,4,0
2021-01-10 23:22:02,4,4,0
2021-01-11 00:22:34,4,4,0
2021-01-11 01:22:50,4,4,0
2021-01-11 03:22:25,4,4,0
2021-01-11 04:22:21,4,4,0
2021-01-11 05:21:50,4,4,0
2021-01-11 06:22:12,4,4,0
2021-01-11 07:22:31,4,4,0
2021-01-11 08:21:48,4,4,0
2021-01-11 09:22:27,4,4,0
2021-01-11 10:22:30,4,4,0
2021-01-11 11:22:26,4,4,0
2021-01-11 12:22:17,4,4,0
2021-01-11 13:22:18,4,4,0
2021-01-11 14:22:26,4,4,0
2021-01-11 22:22:38,4,4,0
2021-01-11 23:22:31,4,4,0
2021-01-12 00:22:02,4,4,0
2021-01-12 01:22:03,4,4,0
2021-01-12 02:22:21,4,4,0
2021-01-12 03:22:18,4,4,0
2021-01-12 04:22:15,4,4,0
2021-01-12 05:22:15,4,4,0
2021-01-12 06:22:15,4,4,0
2021-01-12 07:22:22,4,4,0
2021-01-12 08:21:39,4,4,0
2021-01-12 09:22:14,4,4,0
2021-01-12 10:22:09,4,4,0
2021-01-12 11:22:21,4,4,0
2021-01-12 12:21:49,4,4,0
2021-01-12 13:21:52,4,4,0
2021-01-12 14:22:09,4,4,0
2021-01-12 15:22:15,4,4,0
2021-01-12 16:21:50,4,4,0
2021-01-13 04:22:23,4,4,0
2021-01-13 06:22:00,4,4,0
2021-01-13 07:21:59,4,4,0
2021-01-13 08:21:43,4,4,0
2021-01-13 09:22:06,4,4,0
2021-01-13 10:22:16,4,4,0
2021-01-13 11:22:11,4,4,0
2021-01-13 12:22:17,4,4,0
2021-01-13 13:22:18,4,4,0
2021-01-13 14:22:16,4,4,0
2021-01-13 20:22:38,4,4,0
2021-01-13 21:22:32,4,4,0
2021-01-13 23:22:45,4,4,0
2021-01-14 00:22:02,4,4,0
2021-01-14 01:21:44,4,4,0
2021-01-14 03:22:32,4,4,0
2021-01-14 04:22:42,4,4,0
2021-01-14 05:22:32,4,4,0
2021-01-14 13:22:41,4,4,0
2021-01-14 19:22:29,4,4,0
2021-01-14 22:22:29,4,4,0
2021-01-14 23:21:54,4,4,0
2021-01-15 00:21:46,4,4,0
2021-01-15 02:22:17,4,4,0
2021-01-15 04:22:44,4,4,0
2021-01-15 14:22:05,4,4,0
2021-01-15 22:22:28,4,4,0
2021-01-16 15:21:55,4,4,0
2021-01-16 17:21:49,4,4,0
2021-01-16 18:22:14,4,4,0
2021-01-16 20:22:28,4,4,0
2021-01-16 21:23:28,4,4,0
2021-01-16 23:22:37,4,4,0
2021-01-17 01:22:50,4,4,0
2021-01-17 02:22:18,4,4,0
2021-01-17 04:22:23,4,4,0
2021-01-17 06:22:20,4,4,0
2021-01-17 15:22:12,4,4,0
2021-01-17 16:21:46,4,4,0
2021-01-17 18:22:26,4,4,0
2021-01-17 19:22:09,4,4,0
2021-01-17 20:22:47,4,4,0
2021-01-17 21:21:57,4,4,0
2021-01-17 23:22:14,4,4,0
2021-01-18 01:22:11,4,4,0
2021-01-18 02:21:51,4,4,0
2021-01-18 03:22:11,4,4,0
2021-01-18 05:22:34,4,4,0
2021-01-18 06:21:45,4,4,0
2021-01-18 07:21:40,4,4,0
2021-01-18 09:22:18,4,4,0
2021-01-18 10:21:57,4,4,0
2021-01-18 11:21:28,4,4,0
2021-01-18 13:21:49,4,4,0
2021-01-18 14:22:05,4,4,0
2021-01-19 23:22:20,4,4,0
2021-01-20 01:22:17,4,4,0
2021-01-20 02:22:16,4,4,0
2021-01-20 03:22:53,4,4,0
2021-01-20 04:22:30,4,4,0
2021-01-20 05:21:54,4,4,0
2021-01-20 06:22:00,4,4,0
2021-01-20 12:22:01,4,4,0
2021-01-20 13:22:08,4,4,0
2021-01-20 21:22:13,4,4,0
2021-01-20 22:21:46,4,4,0
2021-01-20 23:22:12,4,4,0
2021-01-21 01:22:17,4,4,0
2021-01-21 02:21:50,4,4,0
2021-01-21 03:22:28,4,4,0
2021-01-21 13:22:15,4,4,0
2021-01-22 02:22:26,4,4,0
2021-01-22 15:22:31,4,4,0
2021-01-22 16:22:17,4,4,0
2021-01-22 17:22:35,4,4,0
2021-01-22 19:21:59,4,4,0
2021-01-22 21:22:22,4,4,0
2021-01-23 21:22:07,4,4,0
2021-01-23 22:21:53,4,4,0
2021-01-23 23:22:28,4,4,0
2021-01-24 03:22:35,4,4,0
2021-01-24 04:22:02,4,4,0
2021-01-24 05:22:35,4,4,0
2021-01-25 02:22:51,4,4,0
2021-01-25 04:22:32,4,4,0
2021-01-25 05:22:16,4,4,0
2021-01-25 22:22:16,4,4,0
2021-01-25 23:22:27,4,4,0
2021-01-26 00:21:53,4,4,0
2021-01-26 02:22:33,4,4,0
2021-01-26 03:22:40,4,4,0
2021-01-26 05:22:02,4,4,0
2021-01-26 06:22:05,4,4,0
2021-01-26 07:22:09,4,4,0
2021-01-26 08:21:45,4,4,0
2021-01-26 09:22:11,4,4,0
2021-01-26 10:21:43,4,4,0
2021-01-26 11:22:27,4,4,0
2021-01-26 12:22:23,4,4,0
2021-01-26 13:22:04,4,4,0
2021-01-26 14:22:15,4,4,0
2021-01-26 15:22:33,4,4,0
2021-01-26 16:22:45,4,4,0
2021-01-26 18:23:07,4,4,0
2021-01-26 19:22:26,4,4,0
2021-01-26 20:22:44,4,4,0
2021-01-27 17:22:25,4,4,0
2021-01-27 18:22:29,4,4,0
2021-01-27 19:22:28,4,4,0
2021-01-27 20:22:23,4,4,0
2021-01-27 21:22:53,4,4,0
2021-01-28 13:22:40,4,4,0
2021-01-29 22:22:53,4,4,0
2021-01-31 23:22:16,4,4,0
2021-02-01 15:22:50,4,4,0
2021-02-01 16:22:42,4,4,0
2021-02-02 01:22:43,4,4,0
2021-02-02 03:22:36,4,4,0
2021-02-02 05:22:49,4,4,0
2021-02-02 07:23:09,4,4,0
2021-02-02 08:22:53,4,4,0
2021-02-02 09:23:20,4,4,0
2021-02-02 11:23:15,4,4,0
2021-02-02 13:22:21,4,4,0
2021-02-03 23:22:11,4,4,0
2021-02-04 05:22:26,4,4,0
2021-02-04 16:22:21,4,4,0
2021-02-04 23:22:21,4,4,0
2021-02-05 01:23:03,4,4,0
2021-02-05 02:24:06,4,4,0
2021-02-05 03:22:31,4,4,0
2021-02-05 07:23:44,4,4,0
2021-02-05 17:23:00,4,4,0
2021-02-05 22:22:35,4,4,0
2021-02-05 23:22:03,4,4,0
2021-02-06 21:22:38,4,4,0
2021-02-07 01:22:58,4,4,0
2021-02-07 19:23:51,4,4,0
2021-02-08 02:22:40,4,4,0
2021-02-08 03:22:42,4,4,0
2021-02-08 13:22:53,4,4,0
2021-02-09 15:22:36,4,4,0
2021-02-09 23:22:46,4,4,0
2021-02-10 00:22:17,4,4,0
2021-02-10 05:22:41,4,4,0
2021-02-10 07:22:32,4,4,0
2021-02-12 23:26:09,4,4,0
2021-02-13 00:26:02,4,4,0
2021-02-15 10:25:07,4,4,0
2021-02-15 19:24:26,4,4,0
2021-02-15 23:24:35,4,4,0
2021-02-16 01:24:11,4,4,0
2021-02-17 03:26:35,4,4,0
2021-02-17 04:23:03,4,4,0
2021-02-17 05:23:10,4,4,0
2021-02-17 06:21:59,4,4,0
2021-02-17 07:22:43,4,4,0
2021-02-17 08:22:26,4,4,0
2021-02-17 09:23:40,4,4,0
2021-02-17 10:23:01,4,4,0
2021-02-17 11:23:46,4,4,0
2021-02-17 12:23:28,4,4,0
2021-02-18 00:22:44,4,4,0
2021-02-18 01:22:55,4,4,0
2021-02-18 02:23:24,4,4,0
2021-02-18 03:23:29,4,4,0
2021-02-18 04:22:59,4,4,0
2021-02-18 05:22:58,4,4,0
2021-02-18 06:22:51,4,4,0
2021-02-18 07:22:46,4,4,0
2021-02-18 08:23:11,4,4,0
2021-02-18 10:23:44,4,4,0
2021-02-18 11:23:09,4,4,0
2021-02-18 12:23:45,4,4,0
2021-02-18 13:24:16,4,4,0
2021-02-18 14:24:30,4,4,0
2021-02-19 01:23:20,4,4,0
2021-02-19 04:22:47,4,4,0
2021-02-19 06:23:53,4,4,0
2021-02-19 08:24:07,4,4,0
2021-02-19 09:23:51,4,4,0
2021-02-19 10:23:51,4,4,0
2021-02-19 11:24:26,4,4,0
2021-02-19 12:24:21,4,4,0
2021-02-19 13:23:07,4,4,0
2021-02-19 14:24:10,4,4,0
2021-02-19 21:24:12,4,4,0
2021-02-19 22:22:34,4,4,0
2021-02-20 00:23:21,4,4,0
2021-02-20 01:23:45,4,4,0
2021-02-20 02:23:19,4,4,0
2021-02-20 04:24:18,4,4,0
2021-02-20 05:22:51,4,4,0
2021-02-20 06:23:36,4,4,0
2021-02-20 07:23:54,4,4,0
2021-02-20 09:24:21,4,4,0
2021-02-20 10:24:00,4,4,0
2021-02-20 11:23:57,4,4,0
2021-02-20 12:23:47,4,4,0
2021-02-20 13:24:02,4,4,0
2021-02-20 14:23:51,4,4,0
2021-02-21 04:23:57,4,4,0
2021-02-21 05:24:33,4,4,0
2021-02-21 06:24:40,4,4,0
2021-02-21 09:26:05,4,4,0
2021-02-21 10:25:19,4,4,0
2021-02-21 11:23:21,4,4,0
2021-02-21 12:24:27,4,4,0
2021-02-21 13:23:59,4,4,0
2021-02-21 14:23:37,4,4,0
2021-02-21 15:24:29,4,4,0
2021-02-21 17:24:04,4,4,0
2021-02-21 19:24:48,4,4,0
2021-02-21 20:25:18,4,4,0
2021-02-21 22:23:19,4,4,0
2021-02-21 23:24:11,4,4,0
2021-02-22 01:24:27,4,4,0
2021-02-22 02:24:20,4,4,0
2021-02-22 04:24:17,4,4,0
2021-02-22 05:24:21,4,4,0
2021-02-23 00:23:14,4,4,0
2021-02-23 01:24:44,4,4,0
2021-02-23 02:24:10,4,4,0
2021-02-23 04:23:31,4,4,0
2021-02-23 06:24:21,4,4,0
2021-02-23 08:24:31,4,4,0
2021-02-23 09:24:40,4,4,0
2021-02-23 10:24:09,4,4,0
2021-02-23 11:24:05,4,4,0
2021-02-23 12:23:49,4,4,0
2021-02-23 13:23:28,4,4,0
2021-02-24 07:22:58,4,4,0
2021-02-24 21:24:03,4,4,0
2021-02-27 03:22:21,4,4,0
2021-03-02 23:23:35,4,4,0
2021-03-03 01:24:01,4,4,0
2021-03-03 02:24:05,4,4,0
2021-03-03 04:24:00,4,4,0
2021-03-03 15:25:05,4,4,0
2021-03-03 19:22:56,4,4,0
2021-03-03 22:24:53,4,4,0
2021-03-04 00:24:45,4,4,0
2021-03-04 02:24:23,4,4,0
2021-03-04 03:24:28,4,4,0
2021-03-04 04:23:30,4,4,0
2021-03-04 05:24:24,4,4,0
2021-03-04 06:24:59,4,4,0
2021-03-04 07:27:10,4,4,0
2021-03-04 08:25:27,4,4,0
2021-03-04 09:24:43,4,4,0
2021-03-04 10:23:35,4,4,0
2021-03-04 12:24:43,4,4,0
2021-03-04 13:24:25,4,4,0
2021-03-04 14:21:51,4,4,0
2021-03-05 01:25:12,4,4,0
2021-03-05 03:25:18,4,4,0
2021-03-05 05:26:29,4,4,0
2021-03-05 06:25:14,4,4,0
2021-03-05 07:27:05,4,4,0
2021-03-05 08:23:39,4,4,0
2021-03-05 09:26:05,4,4,0
2021-03-05 11:24:20,4,4,0
2021-03-05 12:24:40,4,4,0
2021-03-05 14:25:44,4,4,0
2021-03-05 23:25:42,4,4,0
2021-03-06 02:24:47,4,4,0
2021-03-06 04:23:41,4,4,0
2021-03-06 06:25:32,4,4,0
2021-03-06 07:26:05,4,4,0
2021-03-06 08:25:29,4,4,0
2021-03-06 09:25:53,4,4,0
2021-03-06 10:24:58,4,4,0
2021-03-06 11:24:11,4,4,0
2021-03-06 12:25:14,4,4,0
2021-03-06 13:25:22,4,4,0
2021-03-06 14:22:51,4,4,0
2021-03-06 15:25:43,4,4,0
2021-03-07 00:24:49,4,4,0
2021-03-07 01:25:02,4,4,0
2021-03-07 02:24:31,4,4,0
2021-03-07 03:24:33,4,4,0
2021-03-07 04:24:18,4,4,0
2021-03-07 05:21:54,4,4,0
2021-03-07 06:24:48,4,4,0
2021-03-07 07:25:00,4,4,0
2021-03-07 08:24:56,4,4,0
2021-03-07 09:25:21,4,4,0
2021-03-07 10:25:12,4,4,0
2021-03-07 11:26:02,4,4,0
2021-03-07 12:22:17,4,4,0
2021-03-07 13:25:06,4,4,0
2021-03-07 14:25:06,4,4,0
2021-03-07 15:25:07,4,4,0
2021-03-07 16:25:59,4,4,0
2021-03-07 17:25:55,4,4,0
2021-03-07 18:25:10,4,4,0
2021-03-07 19:25:05,4,4,0
2021-03-07 20:25:12,4,4,0
2021-03-07 21:25:28,4,4,0
2021-03-07 22:25:17,4,4,0
2021-03-07 23:25:05,4,4,0
2021-03-08 00:24:45,4,4,0
2021-03-08 01:26:14,4,4,0
2021-03-08 02:24:37,4,4,0
2021-03-08 03:26:12,4,4,0
2021-03-08 04:25:51,4,4,0
2021-03-08 05:24:48,4,4,0
2021-03-08 06:24:50,4,4,0
2021-03-08 07:27:50,4,4,0
2021-03-08 08:26:21,4,4,0
2021-03-08 09:26:30,4,4,0
2021-03-08 11:25:49,4,4,0
2021-03-08 12:24:53,4,4,0
2021-03-08 22:25:24,4,4,0
2021-03-09 01:25:52,4,4,0
2021-03-09 02:27:15,4,4,0
2021-03-09 03:28:05,4,4,0
2021-03-09 04:28:10,4,4,0
2021-03-09 05:28:19,4,4,0
2021-03-09 06:28:46,4,4,0
2021-03-09 23:31:02,4,4,0
2021-03-10 02:24:57,4,4,0
2021-03-10 03:24:39,4,4,0
2021-03-10 04:23:41,4,4,0
2021-03-10 05:24:35,4,4,0
2021-03-11 00:25:46,4,4,0
2021-03-11 02:25:17,4,4,0
2021-03-11 03:25:16,4,4,0
2021-03-11 05:25:48,4,4,0
2021-03-11 06:25:44,4,4,0
2021-03-11 07:25:16,4,4,0
2021-03-11 09:25:51,4,4,0
2021-03-11 11:25:55,4,4,0
2021-03-11 12:25:22,4,4,0
2021-03-11 13:24:24,4,4,0
2021-03-11 22:25:57,4,4,0
2021-03-12 00:28:12,4,4,0
2021-03-12 01:25:08,4,4,0
2021-03-12 03:26:16,4,4,0
2021-03-12 04:22:46,4,4,0
2021-03-12 05:26:50,4,4,0
2021-03-13 16:25:19,4,4,0
2021-03-13 21:25:11,4,4,0
2021-03-13 23:25:30,4,4,0
2021-03-14 00:25:30,4,4,0
2021-03-14 01:24:10,4,4,0
2021-03-14 02:30:39,4,4,0
2021-03-14 03:25:43,4,4,0
2021-03-14 04:25:29,4,4,0
2021-03-14 05:25:37,4,4,0
2021-03-14 06:24:18,4,4,0
2021-03-14 07:24:27,4,4,0
2021-03-16 21:26:22,4,4,0
2021-03-16 23:25:39,4,4,0
2021-03-17 00:26:39,4,4,0
2021-03-17 02:25:40,4,4,0
2021-03-17 22:26:38,4,4,0
2021-03-18 00:26:35,4,4,0
2021-03-18 02:25:41,4,4,0
2021-03-18 04:26:18,4,4,0
2021-03-18 05:26:22,4,4,0
2021-03-18 06:25:58,4,4,0
2021-03-18 07:25:49,4,4,0
2021-03-18 08:25:39,4,4,0
2021-03-18 09:27:25,4,4,0
2021-03-18 10:26:19,4,4,0
2021-03-18 11:26:29,4,4,0
2021-03-18 12:26:36,4,4,0
2021-03-18 13:25:29,4,4,0
2021-03-19 18:26:53,4,4,0
2021-03-19 19:26:03,4,4,0
2021-03-19 20:26:19,4,4,0
2021-03-19 22:27:20,4,4,0
2021-03-19 23:27:09,4,4,0
2021-03-20 00:25:33,4,4,0
2021-03-20 02:25:51,4,4,0
2021-03-20 03:25:51,4,4,0
2021-03-20 05:25:46,4,4,0
2021-03-20 06:25:37,4,4,0
2021-03-20 08:25:52,4,4,0
2021-03-20 09:27:59,4,4,0
2021-03-20 10:25:55,4,4,0
2021-03-20 11:24:49,4,4,0
2021-03-20 12:25:37,4,4,0
2021-03-20 13:26:55,4,4,0
2021-03-20 14:25:16,4,4,0
2021-03-20 15:27:37,4,4,0
2021-03-20 16:26:22,4,4,0
2021-03-20 17:25:23,4,4,0
2021-03-20 18:26:48,4,4,0
2021-03-20 19:27:19,4,4,0
2021-03-20 21:25:52,4,4,0
2021-03-20 22:26:01,4,4,0
2021-03-20 23:27:31,4,4,0
2021-03-21 00:26:16,4,4,0
2021-03-21 01:25:49,4,4,0
2021-03-21 02:25:27,4,4,0
2021-03-21 04:25:33,4,4,0
2021-03-21 05:25:44,4,4,0
2021-03-21 06:28:05,4,4,0
2021-03-21 07:26:38,4,4,0
2021-03-21 09:26:48,4,4,0
2021-03-21 10:28:17,4,4,0
2021-03-21 11:27:19,4,4,0
2021-03-21 12:26:28,4,4,0
2021-03-21 14:25:48,4,4,0
2021-03-21 15:27:22,4,4,0
2021-03-21 16:24:49,4,4,0
2021-03-21 18:26:50,4,4,0
2021-03-23 00:28:12,4,4,0
2021-03-23 01:26:10,4,4,0
2021-03-23 03:25:47,4,4,0
2021-03-23 04:26:46,4,4,0
2021-03-24 00:25:15,4,4,0
2021-03-24 02:23:34,4,4,0
2021-03-25 02:27:24,4,4,0
2021-03-25 04:26:07,4,4,0
2021-03-25 05:27:00,4,4,0
2021-03-25 07:26:27,4,4,0
2021-03-25 08:26:32,4,4,0
2021-03-25 09:26:53,4,4,0
2021-03-25 11:26:13,4,4,0
2021-03-25 13:25:53,4,4,0
2021-03-27 14:26:01,4,4,0
2021-03-27 16:26:44,4,4,0
2021-03-27 19:27:11,4,4,0
2021-03-27 21:27:13,4,4,0
2021-03-27 22:27:44,4,4,0
2021-03-27 23:29:12,4,4,0
2021-03-28 01:27:29,4,4,0
2021-03-28 02:27:20,4,4,0
2021-03-28 03:27:57,4,4,0
2021-03-28 04:28:46,4,4,0
2021-03-28 05:28:10,4,4,0
2021-03-28 07:28:13,4,4,0
2021-03-28 21:27:39,4,4,0
2021-03-30 13:26:54,4,4,0
2021-03-31 22:29:57,4,4,0
2021-04-01 00:28:48,4,4,0
2021-04-01 02:28:28,4,4,0
2021-04-01 15:28:00,4,4,0
2021-04-02 13:21:02,4,4,0
2021-04-02 23:20:45,4,4,0
2021-04-03 01:20:40,4,4,0
2021-04-03 13:20:57,4,4,0
2021-04-03 14:21:15,4,4,0
2021-04-03 15:21:06,4,4,0
2021-04-03 16:20:42,4,4,0
2021-04-03 17:20:45,4,4,0
2021-04-03 18:21:00,4,4,0
2021-04-03 19:20:49,4,4,0
2021-04-03 20:20:49,4,4,0
2021-04-03 21:21:11,4,4,0
2021-04-03 22:20:53,4,4,0
2021-04-03 23:20:48,4,4,0
2021-04-04 00:20:47,4,4,0
2021-04-04 05:20:52,4,4,0
2021-04-05 12:20:32,4,4,0
2021-04-07 01:20:38,4,4,0
2021-04-08 21:20:42,4,4,0
2021-04-14 04:20:41,4,4,0
2021-04-19 13:20:42,4,4,0
2021-04-20 00:20:35,4,4,0
2021-04-23 17:20:59,4,4,0
2021-04-23 19:21:05,4,4,0
2021-04-23 20:20:50,4,4,0
2021-04-23 22:20:41,4,4,0
2021-04-23 23:20:48,4,4,0
2021-04-24 01:20:41,4,4,0
2021-04-24 16:20:41,4,4,0
2021-04-24 18:20:59,4,4,0
2021-04-24 20:20:41,4,4,0
2021-04-24 21:20:34,4,4,0
2021-04-24 22:20:32,4,4,0
2021-04-24 23:20:43,4,4,0
2021-04-25 00:20:42,4,4,0
2021-04-25 01:20:32,4,4,0
2021-04-25 02:20:41,4,4,0
2021-04-25 04:20:32,4,4,0
2021-04-25 05:20:42,4,4,0
2021-04-25 07:20:41,4,4,0
2021-04-25 09:20:49,4,4,0
2021-04-25 10:20:46,4,4,0
2021-04-25 11:21:03,4,4,0
2021-04-25 14:20:33,4,4,0
2021-04-25 15:20:34,4,4,0
2021-04-25 17:20:42,4,4,0
2021-04-25 19:20:48,4,4,0
2021-04-25 20:20:51,4,4,0
2021-04-25 22:20:47,4,4,0
2021-04-25 23:20:49,4,4,0
2021-04-26 00:20:44,4,4,0
2021-04-26 01:20:44,4,4,0
2021-04-26 02:20:48,4,4,0
2021-04-28 00:20:33,4,4,0
2021-04-28 02:21:07,4,4,0
2021-04-28 12:20:56,4,4,0
2021-04-28 21:20:52,4,4,0
2021-04-28 22:21:19,4,4,0
2021-04-29 00:20:44,4,4,0
2021-04-29 01:20:57,4,4,0
2021-04-29 02:20:42,4,4,0
2021-04-29 03:20:56,4,4,0
2021-04-29 22:20:45,4,4,0
2021-04-30 02:21:20,4,4,0
2021-04-30 04:21:03,4,4,0
2021-04-30 07:21:07,4,4,0
2021-04-30 08:20:44,4,4,0
2021-04-30 11:21:02,4,4,0
2021-04-30 12:20:56,4,4,0
2021-04-30 15:20:46,4,4,0
2021-04-30 16:20:47,4,4,0
2021-04-30 19:20:53,4,4,0
2021-04-30 20:21:03,4,4,0
2021-04-30 21:21:01,4,4,0
2021-04-30 22:20:42,4,4,0
2021-05-01 00:20:44,4,4,0
2021-05-01 01:20:41,4,4,0
2021-05-01 02:20:44,4,4,0
2021-05-01 04:20:47,4,4,0
2021-05-01 05:20:41,4,4,0
2021-05-01 06:20:41,4,4,0
2021-05-01 07:20:44,4,4,0
2021-05-01 08:20:54,4,4,0
2021-05-01 09:20:42,4,4,0
2021-05-01 10:20:54,4,4,0
2021-05-01 12:20:41,4,4,0
2021-05-01 13:21:04,4,4,0
2021-05-01 15:20:41,4,4,0
2021-05-01 17:20:46,4,4,0
2021-05-01 18:21:08,4,4,0
2021-05-01 20:20:37,4,4,0
2021-05-01 21:20:38,4,4,0
2021-05-01 22:20:38,4,4,0
2021-05-02 00:20:43,4,4,0
2021-05-02 02:20:40,4,4,0
2021-05-02 04:20:48,4,4,0
2021-05-02 05:20:43,4,4,0
2021-05-02 06:20:40,4,4,0
2021-05-02 08:20:42,4,4,0
2021-05-02 10:20:47,4,4,0
2021-05-02 11:21:17,4,4,0
2021-05-02 14:20:49,4,4,0
2021-05-02 16:21:23,4,4,0
2021-05-02 17:20:49,4,4,0
2021-05-02 18:20:40,4,4,0
2021-05-02 20:20:35,4,4,0
2021-05-02 21:20:35,4,4,0
2021-05-03 03:20:34,4,4,0
2021-05-04 02:21:04,4,4,0
2021-05-05 01:20:44,4,4,0
2021-05-05 19:21:02,4,4,0
2021-05-05 21:21:06,4,4,0
2021-05-05 23:20:52,4,4,0
2021-05-06 01:20:49,4,4,0
2021-05-06 02:21:05,4,4,0
2021-05-06 03:20:35,4,4,0
2021-05-06 04:20:38,4,4,0
2021-05-06 06:20:40,4,4,0
2021-05-06 08:20:43,4,4,0
2021-05-06 10:20:45,4,4,0
2021-05-06 11:20:43,4,4,0
2021-05-06 12:20:47,4,4,0
2021-05-06 22:20:55,4,4,0
2021-05-08 17:21:14,4,4,0
2021-05-08 18:20:43,4,4,0
2021-05-08 19:20:59,4,4,0
2021-05-09 16:20:42,4,4,0
2021-05-09 17:20:49,4,4,0
2021-05-09 18:21:03,4,4,0
2021-05-09 19:21:02,4,4,0
2021-05-09 20:20:41,4,4,0
2021-05-09 22:20:49,4,4,0
2021-05-10 00:20:41,4,4,0
2021-05-10 21:21:14,4,4,0
2021-05-10 23:20:47,4,4,0
2021-05-11 01:20:43,4,4,0
2021-05-11 02:20:43,4,4,0
2021-05-11 03:20:43,4,4,0
2021-05-11 05:20:39,4,4,0
2021-05-11 06:20:40,4,4,0
2021-05-11 07:20:39,4,4,0
2021-05-11 08:21:05,4,4,0
2021-05-11 09:20:56,4,4,0
2021-05-11 11:20:52,4,4,0
2021-05-11 12:20:50,4,4,0
2021-05-11 13:21:09,4,4,0
2021-05-11 14:20:57,4,4,0
2021-05-11 15:20:58,4,4,0
2021-05-11 17:20:50,4,4,0
2021-05-11 23:21:08,4,4,0
2021-05-15 17:20:49,4,4,0
2021-05-15 18:21:31,4,4,0
2021-05-15 20:20:52,4,4,0
2021-05-15 21:20:58,4,4,0
2021-05-16 02:20:49,4,4,0
2021-05-16 04:20:49,4,4,0
2021-05-16 05:20:41,4,4,0
2021-05-16 06:20:44,4,4,0
2021-05-16 07:20:45,4,4,0
2021-05-16 09:20:42,4,4,0
2021-05-16 10:20:44,4,4,0
2021-05-16 12:20:48,4,4,0
2021-05-16 13:20:50,4,4,0
2021-05-16 14:20:51,4,4,0
2021-05-16 16:20:56,4,4,0
2021-05-16 17:20:55,4,4,0
2021-05-16 19:21:29,4,4,0
2021-05-18 20:20:57,4,4,0
2021-05-18 21:20:56,4,4,0
2021-05-19 00:20:41,4,4,0
2021-05-19 01:21:04,4,4,0
2021-05-19 03:20:41,4,4,0
2021-05-19 04:20:42,4,4,0
2021-05-19 06:20:44,4,4,0
2021-05-19 07:20:39,4,4,0
2021-05-19 08:20:37,4,4,0
2021-05-19 09:20:34,4,4,0
2021-05-19 10:20:38,4,4,0
2021-05-19 11:20:37,4,4,0
2021-05-19 12:20:58,4,4,0
2021-05-19 14:21:03,4,4,0
2021-05-20 21:20:44,4,4,0
2021-05-20 23:21:01,4,4,0
2021-05-21 00:20:49,4,4,0
2021-05-21 01:20:49,4,4,0
2021-05-21 02:21:01,4,4,0
2021-05-21 03:20:44,4,4,0
2021-05-21 05:20:50,4,4,0
2021-05-21 06:20:45,4,4,0
2021-05-21 07:20:46,4,4,0
2021-05-21 08:20:45,4,4,0
2021-05-21 09:20:51,4,4,0
2021-05-21 10:20:58,4,4,0
2021-05-21 11:20:53,4,4,0
2021-05-21 12:21:14,4,4,0
2021-05-21 13:20:55,4,4,0
2021-05-21 21:21:12,4,4,0
2021-05-22 16:21:40,4,4,0
2021-05-22 18:21:37,4,4,0
2021-05-22 20:21:37,4,4,0
2021-05-22 21:21:32,4,4,0
2021-05-22 22:21:33,4,4,0
2021-05-22 23:21:51,4,4,0
2021-05-23 00:21:36,4,4,0
2021-05-23 01:21:41,4,4,0
2021-05-23 02:20:46,4,4,0
2021-05-23 03:20:47,4,4,0
2021-05-23 04:20:51,4,4,0
2021-05-23 05:20:46,4,4,0
2021-05-23 06:20:50,4,4,0
2021-05-23 07:20:44,4,4,0
2021-05-23 10:20:49,4,4,0
2021-05-23 11:21:15,4,4,0
2021-05-23 12:20:54,4,4,0
2021-05-23 14:21:11,4,4,0
2021-05-23 15:20:53,4,4,0
2021-05-23 17:20:59,4,4,0
2021-05-23 18:21:09,4,4,0
2021-05-23 19:20:57,4,4,0
2021-05-23 22:21:12,4,4,0
2021-05-23 23:20:59,4,4,0
2021-05-24 01:20:57,4,4,0
2021-05-24 03:21:23,4,4,0
2021-05-24 04:20:53,4,4,0
2021-05-24 05:20:51,4,4,0
2021-05-24 06:20:48,4,4,0
2021-05-24 07:20:47,4,4,0
2021-05-24 08:20:54,4,4,0
2021-05-24 10:20:54,4,4,0
2021-05-24 11:21:03,4,4,0
2021-05-24 22:20:55,4,4,0
2021-05-25 13:21:10,4,4,0
2021-05-25 22:20:50,4,4,0
2021-05-28 21:20:54,4,4,0
2021-05-30 00:20:49,4,4,0
2021-05-30 01:20:52,4,4,0
2021-05-30 03:20:48,4,4,0
2021-05-30 04:20:55,4,4,0
2021-05-30 05:20:54,4,4,0
2021-05-30 06:20:47,4,4,0
2021-05-30 09:20:52,4,4,0
2021-05-30 14:20:54,4,4,0
2021-05-30 16:21:29,4,4,0
2021-05-30 18:21:26,4,4,0
2021-05-30 23:20:34,4,4,0
2021-06-01 15:24:01,4,4,0
2021-06-02 14:24:03,4,4,0
2021-06-04 21:23:25,4,4,0
2021-06-05 02:23:53,4,4,0
2021-06-05 03:23:42,4,4,0
2021-06-05 14:23:54,4,4,0
2021-06-05 15:24:36,4,4,0
2021-06-05 16:23:18,4,4,0
2021-06-05 17:21:18,4,4,0
2021-06-05 18:23:40,4,4,0
2021-06-05 19:23:45,4,4,0
2021-06-05 20:23:58,4,4,0
2021-06-05 21:23:47,4,4,0
2021-06-05 22:23:26,4,4,0
2021-06-05 23:23:54,4,4,0
2021-06-06 00:23:43,4,4,0
2021-06-06 01:23:09,4,4,0
2021-06-06 02:23:38,4,4,0
2021-06-06 03:23:42,4,4,0
2021-06-06 04:24:03,4,4,0
2021-06-06 05:22:43,4,4,0
2021-06-06 06:23:40,4,4,0
2021-06-06 07:23:37,4,4,0
2021-06-06 08:22:17,4,4,0
2021-06-06 09:21:41,4,4,0
2021-06-06 10:23:23,4,4,0
2021-06-06 11:23:03,4,4,0
2021-06-06 12:23:55,4,4,0
2021-06-06 13:23:57,4,4,0
2021-06-06 14:23:53,4,4,0
2021-06-06 15:23:58,4,4,0
2021-06-06 16:24:02,4,4,0
2021-06-06 17:23:50,4,4,0
2021-06-06 18:23:15,4,4,0
2021-06-06 19:23:23,4,4,0
2021-06-06 20:23:31,4,4,0
2021-06-06 21:23:24,4,4,0
2021-06-07 13:23:24,4,4,0
2021-06-08 17:23:00,4,4,0
2021-06-08 18:22:54,4,4,0
2021-06-08 19:23:34,4,4,0
2021-06-08 21:23:23,4,4,0
2021-06-08 23:23:23,4,4,0
2021-06-09 01:23:21,4,4,0
2021-06-09 02:23:26,4,4,0
2021-06-09 03:23:34,4,4,0
2021-06-09 04:23:31,4,4,0
2021-06-09 05:22:50,4,4,0
2021-06-09 06:22:31,4,4,0
2021-06-09 07:22:38,4,4,0
2021-06-09 09:21:11,4,4,0
2021-06-09 10:22:26,4,4,0
2021-06-09 11:22:50,4,4,0
2021-06-09 12:23:38,4,4,0
2021-06-09 13:23:45,4,4,0
2021-06-09 14:23:24,4,4,0
2021-06-09 22:23:07,4,4,0
2021-06-14 14:22:11,4,4,0
2021-06-16 22:22:36,4,4,0
2021-06-17 00:22:17,4,4,0
2021-06-17 01:22:19,4,4,0
2021-06-17 02:22:15,4,4,0
2021-06-17 03:22:28,4,4,0
2021-06-17 04:22:36,4,4,0
2021-06-17 05:21:38,4,4,0
2021-06-17 14:22:39,4,4,0
2021-06-19 04:22:33,4,4,0
2021-06-19 10:22:31,4,4,0
2021-06-19 13:22:32,4,4,0
2021-06-20 16:21:53,4,4,0
2021-06-21 04:21:41,4,4,0
2021-06-21 14:22:16,4,4,0
2021-06-21 17:21:56,4,4,0
2021-06-21 18:22:00,4,4,0
2021-06-21 19:21:47,4,4,0
2021-06-23 13:21:42,4,4,0
2021-06-23 15:21:48,4,4,0
2021-06-23 17:21:47,4,4,0
2021-06-23 18:21:43,4,4,0
2021-06-23 20:21:37,4,4,0
2021-06-25 22:21:39,4,4,0
2021-06-28 13:21:42,4,4,0
2021-07-01 23:21:20,4,4,0
2021-07-02 00:21:21,4,4,0
2021-07-02 01:21:22,4,4,0
2021-07-02 02:21:21,4,4,0
2021-07-02 03:21:25,4,4,0
2021-07-02 04:21:47,4,4,0
2021-07-02 05:21:09,4,4,0
2021-07-02 06:21:29,4,4,0
2021-07-02 07:21:32,4,4,0
2021-07-02 08:21:09,4,4,0
2021-07-02 09:20:58,4,4,0
2021-07-02 10:21:35,4,4,0
2021-07-02 11:21:34,4,4,0
2021-07-02 12:21:50,4,4,0
2021-07-02 14:21:27,4,4,0
2021-07-03 19:21:29,4,4,0
2021-07-04 13:21:36,4,4,0
2021-07-04 14:21:42,4,4,0
2021-07-04 16:21:36,4,4,0
2021-07-04 17:21:30,4,4,0
2021-07-04 18:21:30,4,4,0
2021-07-04 19:21:25,4,4,0
2021-07-04 20:21:44,4,4,0
2021-07-04 21:21:37,4,4,0
2021-07-04 22:21:36,4,4,0
2021-07-04 23:21:30,4,4,0
2021-07-05 00:21:31,4,4,0
2021-07-05 01:21:33,4,4,0
2021-07-05 02:21:37,4,4,0
2021-07-05 03:21:33,4,4,0
2021-07-05 04:21:28,4,4,0
2021-07-05 05:21:12,4,4,0
2021-07-05 06:21:31,4,4,0
2021-07-05 07:21:31,4,4,0
2021-07-05 08:21:08,4,4,0
2021-07-05 09:21:00,4,4,0
2021-07-05 10:21:27,4,4,0
2021-07-05 11:21:38,4,4,0
2021-07-05 12:21:41,4,4,0
2021-07-05 13:21:42,4,4,0
2021-07-05 15:21:42,4,4,0
2021-07-05 16:21:41,4,4,0
2021-07-05 21:21:31,4,4,0
2021-07-05 22:21:30,4,4,0
2021-07-05 23:21:32,4,4,0
2021-07-06 00:21:29,4,4,0
2021-07-06 01:21:46,4,4,0
2021-07-06 02:21:36,4,4,0
2021-07-06 03:21:50,4,4,0
2021-07-06 04:21:32,4,4,0
2021-07-06 05:21:23,4,4,0
2021-07-06 06:21:18,4,4,0
2021-07-06 08:21:02,4,4,0
2021-07-06 09:21:01,4,4,0
2021-07-06 10:21:28,4,4,0
2021-07-06 11:21:26,4,4,0
2021-07-06 12:21:26,4,4,0
2021-07-06 23:21:19,4,4,0
2021-07-07 00:21:26,4,4,0
2021-07-07 01:21:22,4,4,0
2021-07-07 02:21:27,4,4,0
2021-07-07 03:21:25,4,4,0
2021-07-07 04:21:20,4,4,0
2021-07-07 05:21:01,4,4,0
2021-07-07 06:21:20,4,4,0
2021-07-07 07:21:21,4,4,0
2021-07-07 08:20:53,4,4,0
2021-07-07 09:21:00,4,4,0
2021-07-07 10:21:36,4,4,0
2021-07-07 11:21:31,4,4,0
2021-07-07 20:21:18,4,4,0
2021-07-07 21:21:22,4,4,0
2021-07-07 23:21:36,4,4,0
2021-07-08 00:21:28,4,4,0
2021-07-08 01:21:26,4,4,0
2021-07-08 03:21:17,4,4,0
2021-07-08 04:21:26,4,4,0
2021-07-08 05:21:10,4,4,0
2021-07-08 06:21:31,4,4,0
2021-07-08 07:21:28,4,4,0
2021-07-08 08:21:03,4,4,0
2021-07-08 09:20:57,4,4,0
2021-07-08 10:21:30,4,4,0
2021-07-08 11:21:33,4,4,0
2021-07-08 12:21:30,4,4,0
2021-07-08 13:21:32,4,4,0
2021-07-08 22:22:08,4,4,0
2021-07-09 21:21:21,4,4,0
2021-07-10 14:21:26,4,4,0
2021-07-10 16:21:25,4,4,0
2021-07-10 17:21:25,4,4,0
2021-07-10 18:21:41,4,4,0
2021-07-10 19:21:20,4,4,0
2021-07-10 20:21:18,4,4,0
2021-07-10 21:21:19,4,4,0
2021-07-10 22:21:18,4,4,0
2021-07-11 00:21:44,4,4,0
2021-07-11 01:21:48,4,4,0
2021-07-11 02:21:39,4,4,0
2021-07-11 03:21:36,4,4,0
2021-07-11 04:21:43,4,4,0
2021-07-11 05:21:25,4,4,0
2021-07-11 06:21:36,4,4,0
2021-07-11 08:21:21,4,4,0
2021-07-11 09:21:14,4,4,0
2021-07-11 10:21:40,4,4,0
2021-07-11 11:21:35,4,4,0
2021-07-11 12:21:39,4,4,0
2021-07-11 13:21:38,4,4,0
2021-07-11 14:21:43,4,4,0
2021-07-11 16:21:47,4,4,0
2021-07-11 17:21:42,4,4,0
2021-07-11 18:21:39,4,4,0
2021-07-11 19:21:31,4,4,0
2021-07-11 20:21:32,4,4,0
2021-07-13 00:21:42,4,4,0
2021-07-13 12:21:52,4,4,0
2021-07-13 14:21:47,4,4,0
2021-07-14 22:21:36,4,4,0
2021-07-15 21:20:56,4,4,0
2021-07-15 22:21:46,4,4,0
2021-07-16 00:21:35,4,4,0
2021-07-16 02:21:59,4,4,0
2021-07-16 03:21:23,4,4,0
2021-07-16 04:21:22,4,4,0
2021-07-16 05:20:59,4,4,0
2021-07-16 06:21:23,4,4,0
2021-07-16 08:20:53,4,4,0
2021-07-16 09:20:47,4,4,0
2021-07-16 10:21:22,4,4,0
2021-07-16 11:21:22,4,4,0
2021-07-16 12:21:32,4,4,0
2021-07-16 13:21:26,4,4,0
2021-07-16 14:21:30,4,4,0
2021-07-16 20:22:08,4,4,0
2021-07-17 21:22:10,4,4,0
2021-07-17 22:22:03,4,4,0
2021-07-17 23:21:56,4,4,0
2021-07-18 00:21:59,4,4,0
2021-07-18 01:22:03,4,4,0
2021-07-18 02:22:02,4,4,0
2021-07-18 03:22:08,4,4,0
2021-07-18 04:22:07,4,4,0
2021-07-18 05:21:48,4,4,0
2021-07-18 06:22:09,4,4,0
2021-07-18 07:22:05,4,4,0
2021-07-18 08:21:48,4,4,0
2021-07-18 09:21:42,4,4,0
2021-07-18 10:22:11,4,4,0
2021-07-18 11:22:09,4,4,0
2021-07-18 12:22:02,4,4,0
2021-07-18 13:22:06,4,4,0
2021-07-18 14:22:10,4,4,0
2021-07-18 15:21:31,4,4,0
2021-07-18 16:21:34,4,4,0
2021-07-18 18:21:21,4,4,0
2021-07-18 19:21:25,4,4,0
2021-07-18 20:21:23,4,4,0
2021-07-18 21:21:27,4,4,0
2021-07-18 22:21:25,4,4,0
2021-07-19 00:21:33,4,4,0
2021-07-19 01:21:40,4,4,0
2021-07-19 02:21:57,4,4,0
2021-07-19 03:21:18,4,4,0
2021-07-19 04:21:24,4,4,0
2021-07-19 05:21:04,4,4,0
2021-07-19 06:21:23,4,4,0
2021-07-19 07:21:22,4,4,0
2021-07-19 08:21:05,4,4,0
2021-07-19 09:20:59,4,4,0
2021-07-19 10:21:33,4,4,0
2021-07-19 11:21:39,4,4,0
2021-07-19 13:21:42,4,4,0
2021-07-19 14:21:43,4,4,0
2021-07-19 15:21:41,4,4,0
2021-07-19 16:22:04,4,4,0
2021-07-19 17:21:36,4,4,0
2021-07-19 18:21:43,4,4,0
2021-07-19 19:21:37,4,4,0
2021-07-19 21:21:36,4,4,0
2021-07-19 22:21:29,4,4,0
2021-07-20 00:21:33,4,4,0
2021-07-20 01:21:36,4,4,0
2021-07-20 02:21:38,4,4,0
2021-07-20 03:21:56,4,4,0
2021-07-20 04:21:48,4,4,0
2021-07-20 05:21:15,4,4,0
2021-07-20 06:21:34,4,4,0
2021-07-20 08:21:08,4,4,0
2021-07-20 09:21:04,4,4,0
2021-07-20 10:21:33,4,4,0
2021-07-20 11:21:42,4,4,0
2021-07-20 12:21:44,4,4,0
2021-07-20 14:21:42,4,4,0
2021-07-20 16:22:02,4,4,0
2021-07-20 17:21:31,4,4,0
2021-07-20 18:21:28,4,4,0
2021-07-20 19:21:27,4,4,0
2021-07-20 20:21:43,4,4,0
2021-07-20 23:21:20,4,4,0
2021-07-21 00:21:17,4,4,0
2021-07-21 01:21:18,4,4,0
2021-07-21 02:21:25,4,4,0
2021-07-21 18:21:33,4,4,0
2021-07-21 19:21:33,4,4,0
2021-07-21 20:21:32,4,4,0
2021-07-22 05:21:01,4,4,0
2021-07-22 15:21:51,4,4,0
2021-07-22 17:21:17,4,4,0
2021-07-22 18:21:23,4,4,0
2021-07-22 19:21:27,4,4,0
2021-07-22 20:21:39,4,4,0
2021-07-23 16:21:44,4,4,0
2021-07-23 17:21:46,4,4,0
2021-07-26 13:21:40,4,4,0
2021-07-26 14:21:42,4,4,0
2021-07-26 16:22:10,4,4,0
2021-07-27 14:21:26,4,4,0
2021-07-27 16:21:29,4,4,0
2021-07-27 17:21:33,4,4,0
2021-07-27 18:21:36,4,4,0
2021-07-27 20:21:32,4,4,0
2021-07-27 21:21:53,4,4,0
2021-07-27 22:21:47,4,4,0
2021-07-28 00:21:37,4,4,0
2021-07-28 01:21:49,4,4,0
2021-07-28 02:21:35,4,4,0
2021-07-28 03:21:03,4,4,0
2021-07-28 04:21:39,4,4,0
2021-07-28 05:21:24,4,4,0
2021-07-28 06:21:44,4,4,0
2021-07-28 08:21:19,4,4,0
2021-07-28 09:21:13,4,4,0
2021-07-28 10:21:44,4,4,0
2021-07-28 11:21:42,4,4,0
2021-07-28 12:22:08,4,4,0
2021-07-28 13:21:56,4,4,0
2021-07-28 14:21:54,4,4,0
2021-07-28 16:21:34,4,4,0
2021-07-28 17:21:43,4,4,0
2021-07-28 19:21:21,4,4,0
2021-07-28 20:21:41,4,4,0
2021-07-28 21:21:27,4,4,0
2021-07-28 22:21:42,4,4,0
2021-07-29 00:21:31,4,4,0
2021-07-29 01:21:25,4,4,0
2021-07-29 02:21:44,4,4,0
2021-07-29 03:21:53,4,4,0
2021-07-29 04:21:33,4,4,0
2021-07-29 05:21:18,4,4,0
2021-07-29 06:21:29,4,4,0
2021-07-29 08:21:08,4,4,0
2021-07-29 09:21:02,4,4,0
2021-07-29 10:21:30,4,4,0
2021-07-29 11:21:44,4,4,0
2021-07-29 12:21:42,4,4,0
2021-07-29 13:21:42,4,4,0
2021-07-29 14:21:36,4,4,0
2021-07-29 16:21:43,4,4,0
2021-07-29 17:21:45,4,4,0
2021-07-29 18:21:43,4,4,0
2021-07-29 19:22:06,4,4,0
2021-07-29 20:21:36,4,4,0
2021-07-29 21:21:29,4,4,0
2021-07-29 22:21:33,4,4,0
2021-07-30 00:21:41,4,4,0
2021-07-30 01:21:37,4,4,0
2021-07-30 02:21:42,4,4,0
2021-07-30 03:22:03,4,4,0
2021-07-30 04:21:34,4,4,0
2021-07-30 05:21:34,4,4,0
2021-07-30 06:21:47,4,4,0
2021-07-30 08:21:09,4,4,0
2021-07-30 09:20:59,4,4,0
2021-07-30 10:21:26,4,4,0
2021-07-30 11:21:29,4,4,0
2021-07-30 12:21:31,4,4,0
2021-07-30 13:21:28,4,4,0
2021-07-30 14:21:32,4,4,0
2021-07-30 16:21:43,4,4,0
2021-07-30 17:21:28,4,4,0
2021-07-30 18:21:36,4,4,0
2021-07-30 19:21:38,4,4,0
2021-07-30 21:21:32,4,4,0
2021-07-30 22:21:32,4,4,0
2021-07-31 00:22:03,4,4,0
2021-07-31 01:21:32,4,4,0
2021-07-31 02:21:55,4,4,0
2021-07-31 03:21:29,4,4,0
2021-07-31 04:21:35,4,4,0
2021-07-31 06:21:36,4,4,0
2021-07-31 08:21:12,4,4,0
2021-07-31 09:21:06,4,4,0
2021-07-31 10:21:32,4,4,0
2021-07-31 11:21:32,4,4,0
2021-07-31 12:21:33,4,4,0
2021-07-31 13:21:54,4,4,0
2021-07-31 14:21:51,4,4,0
2021-07-31 16:21:50,4,4,0
2021-07-31 17:21:31,4,4,0
2021-07-31 18:21:31,4,4,0
2021-07-31 19:21:30,4,4,0
2021-07-31 20:21:33,4,4,0
2021-07-31 21:21:34,4,4,0
2021-07-31 22:21:35,4,4,0
2021-07-31 23:21:38,4,4,0
2021-08-01 00:21:33,4,4,0
2021-08-01 01:21:30,4,4,0
2021-08-01 02:21:32,4,4,0
2021-08-01 03:21:30,4,4,0
2021-08-01 04:21:50,4,4,0
2021-08-01 05:21:17,4,4,0
2021-08-01 06:21:40,4,4,0
2021-08-01 08:21:10,4,4,0
2021-08-01 09:21:05,4,4,0
2021-08-01 10:21:39,4,4,0
2021-08-01 11:21:40,4,4,0
2021-08-01 12:21:40,4,4,0
2021-08-01 13:21:42,4,4,0
2021-08-01 17:21:32,4,4,0
2021-08-01 18:21:42,4,4,0
2021-08-01 20:21:40,4,4,0
2021-08-01 21:21:35,4,4,0
2021-08-01 22:21:36,4,4,0
2021-08-02 00:21:33,4,4,0
2021-08-02 01:21:40,4,4,0
2021-08-02 02:22:01,4,4,0
2021-08-02 03:21:59,4,4,0
2021-08-02 04:21:36,4,4,0
2021-08-02 05:21:17,4,4,0
2021-08-02 06:21:36,4,4,0
2021-08-02 08:21:15,4,4,0
2021-08-02 09:21:11,4,4,0
2021-08-02 10:21:49,4,4,0
2021-08-02 11:21:49,4,4,0
2021-08-02 12:21:53,4,4,0
2021-08-02 13:21:45,4,4,0
2021-08-02 14:21:45,4,4,0
2021-08-02 16:21:50,4,4,0
2021-08-02 17:22:06,4,4,0
2021-08-02 18:22:02,4,4,0
2021-08-02 19:21:46,4,4,0
2021-08-02 20:21:43,4,4,0
2021-08-02 21:21:43,4,4,0
2021-08-02 22:22:01,4,4,0
2021-08-03 00:21:48,4,4,0
2021-08-03 01:22:04,4,4,0
2021-08-03 02:22:01,4,4,0
2021-08-03 03:21:47,4,4,0
2021-08-03 04:21:39,4,4,0
2021-08-03 05:21:35,4,4,0
2021-08-03 06:21:31,4,4,0
2021-08-03 08:21:08,4,4,0
2021-08-03 09:21:05,4,4,0
2021-08-03 10:21:34,4,4,0
2021-08-03 11:21:34,4,4,0
2021-08-03 12:21:38,4,4,0
2021-08-03 13:21:33,4,4,0
2021-08-03 14:21:36,4,4,0
2021-08-03 16:21:33,4,4,0
2021-08-03 17:22:03,4,4,0
2021-08-03 18:21:27,4,4,0
2021-08-03 19:20:45,4,4,0
2021-08-03 20:21:25,4,4,0
2021-08-03 21:21:35,4,4,0
2021-08-03 22:21:15,4,4,0
2021-08-04 16:20:55,4,4,0
2021-08-04 17:21:30,4,4,0
2021-08-04 18:21:36,4,4,0
2021-08-04 20:21:41,4,4,0
2021-08-04 21:21:45,4,4,0
2021-08-04 22:21:44,4,4,0
2021-08-05 00:21:39,4,4,0
2021-08-05 01:21:38,4,4,0
2021-08-05 02:22:00,4,4,0
2021-08-05 03:22:01,4,4,0
2021-08-05 04:21:51,4,4,0
2021-08-05 05:20:56,4,4,0
2021-08-05 06:21:19,4,4,0
2021-08-05 08:20:54,4,4,0
2021-08-05 09:20:48,4,4,0
2021-08-05 10:21:22,4,4,0
2021-08-05 11:21:19,4,4,0
2021-08-05 12:21:14,4,4,0
2021-08-05 14:21:21,4,4,0
2021-08-05 15:21:25,4,4,0
2021-08-05 17:21:33,4,4,0
2021-08-05 18:21:36,4,4,0
2021-08-05 19:21:32,4,4,0
2021-08-05 21:21:34,4,4,0
2021-08-05 22:21:37,4,4,0
2021-08-06 00:21:38,4,4,0
2021-08-06 01:22:59,4,0,0
2021-08-06 02:23:07,4,0,0
2021-08-06 03:21:11,4,0,0
2021-08-06 04:21:18,4,0,0
2021-08-06 05:21:02,4,0,0
2021-08-06 06:21:32,4,0,0
2021-08-06 08:20:50,4,0,0
2021-08-06 09:20:54,4,0,0
2021-08-06 10:21:24,4,0,0
2021-08-06 11:21:25,4,0,0
2021-08-06 12:21:39,4,0,0
2021-08-06 13:21:17,4,0,0
2021-08-06 14:21:17,4,0,0
2021-08-06 15:21:14,4,0,0
2021-08-06 17:21:14,4,0,0
2021-08-06 18:21:28,4,0,0
2021-08-06 19:21:27,4,0,0
2021-08-06 21:21:43,4,0,0
2021-08-06 22:21:17,4,0,0
2021-08-07 00:21:30,4,0,0
2021-08-07 01:21:56,4,0,0
2021-08-07 02:21:26,4,0,0
2021-08-07 03:21:44,4,0,0
2021-08-07 04:21:30,4,0,0
2021-08-07 05:21:08,4,0,0
2021-08-07 06:21:22,4,0,0
2021-08-07 07:21:29,4,0,0
2021-08-07 08:21:11,4,0,0
2021-08-07 09:21:04,4,0,0
2021-08-07 10:21:33,4,0,0
2021-08-07 11:21:38,4,0,0
2021-08-07 12:21:35,4,0,0
2021-08-07 13:21:33,4,0,0
2021-08-07 14:21:33,4,0,0
2021-08-07 15:21:33,4,0,0
2021-08-07 16:20:53,4,0,0
2021-08-07 17:21:34,4,0,0
2021-08-07 18:21:05,4,0,0
2021-08-07 19:21:07,4,0,0
2021-08-07 20:20:49,4,0,0
2021-08-07 21:20:58,4,0,0
2021-08-07 22:21:25,4,0,0
2021-08-08 00:21:24,4,0,0
2021-08-08 01:21:28,4,0,0
2021-08-08 02:21:28,4,0,0
2021-08-08 03:21:30,4,0,0
2021-08-08 04:21:33,4,0,0
2021-08-08 05:21:18,4,0,0
2021-08-08 06:21:38,4,0,0
2021-08-08 07:21:29,4,0,0
2021-08-08 08:21:04,4,0,0
2021-08-08 09:21:05,4,0,0
2021-08-08 10:21:31,4,0,0
2021-08-08 12:21:34,4,0,0
2021-08-08 13:21:32,4,0,0
2021-08-08 14:21:32,4,0,0
2021-08-08 16:21:33,4,0,0
2021-08-08 17:21:29,4,0,0
2021-08-08 18:21:29,4,0,0
2021-08-08 19:21:35,4,0,0
2021-08-08 20:21:33,4,0,0
2021-08-08 21:21:36,4,0,0
2021-08-08 22:21:35,4,0,0
2021-08-09 00:21:51,4,0,0
2021-08-09 01:21:22,4,0,0
2021-08-09 02:21:30,4,0,0
2021-08-09 03:21:44,4,0,0
2021-08-09 04:21:24,4,0,0
2021-08-09 05:21:10,4,0,0
2021-08-09 06:21:22,4,0,0
2021-08-09 08:21:01,4,0,0
2021-08-09 09:20:59,4,0,0
2021-08-09 10:21:35,4,0,0
2021-08-09 11:21:35,4,0,0
2021-08-09 12:21:32,4,0,0
2021-08-09 13:21:32,4,0,0
2021-08-09 14:21:30,4,0,0
2021-08-09 15:21:32,4,0,0
2021-08-09 16:21:38,4,0,0
2021-08-09 17:21:34,4,0,0
2021-08-09 18:21:47,4,0,0
2021-08-09 19:21:25,4,0,0
2021-08-09 20:21:32,4,0,0
2021-08-09 21:21:31,4,0,0
2021-08-09 22:21:33,4,0,0
2021-08-09 23:21:31,4,0,0
2021-08-10 01:21:43,4,0,0
2021-08-10 02:21:57,4,0,0
2021-08-10 03:21:42,4,0,0
2021-08-10 04:21:27,4,0,0
2021-08-10 05:21:14,4,0,0
2021-08-10 06:21:33,4,0,0
2021-08-10 08:21:09,4,0,0
2021-08-10 09:21:04,4,0,0
2021-08-10 11:21:18,4,0,0
2021-08-10 12:21:33,4,0,0
2021-08-10 13:21:32,4,0,0
2021-08-10 14:21:36,4,0,0
2021-08-10 16:21:30,4,0,0
2021-08-10 17:21:34,4,0,0
2021-08-10 18:21:51,4,0,0
2021-08-10 19:21:27,4,0,0
2021-08-10 20:21:31,4,0,0
2021-08-10 21:21:40,4,0,0
2021-08-10 22:21:36,4,0,0
2021-08-10 23:21:42,4,0,0
2021-08-11 02:21:30,4,0,0
2021-08-11 03:21:37,4,0,0
2021-08-11 04:21:58,4,0,0
2021-08-11 05:21:11,4,0,0
2021-08-11 06:21:31,4,0,0
2021-08-11 08:21:05,4,0,0
2021-08-11 09:21:06,4,0,0
2021-08-11 10:21:28,4,0,0
2021-08-11 11:21:32,4,0,0
2021-08-11 12:21:29,4,0,0
2021-08-11 13:21:35,4,0,0
2021-08-11 14:21:33,4,0,0
2021-08-11 16:21:38,4,0,0
2021-08-11 17:21:36,4,0,0
2021-08-11 18:21:37,4,0,0
2021-08-11 19:21:35,4,0,0
2021-08-11 20:21:48,4,0,0
2021-08-11 21:21:39,4,0,0
2021-08-11 22:21:39,4,0,0
2021-08-11 23:21:40,4,0,0
2021-08-12 00:21:43,4,0,0
2021-08-12 01:22:00,4,0,0
2021-08-12 02:21:30,4,0,0
2021-08-12 03:21:27,4,0,0
2021-08-12 04:21:25,4,0,0
2021-08-12 05:21:12,4,0,0
2021-08-12 06:21:27,4,0,0
2021-08-12 07:21:26,4,0,0
2021-08-12 08:21:05,4,0,0
2021-08-12 09:21:04,4,0,0
2021-08-12 10:21:33,4,0,0
2021-08-12 11:21:29,4,0,0
2021-08-12 12:21:28,4,0,0
2021-08-12 14:21:29,4,0,0
2021-08-12 15:21:30,4,0,0
2021-08-12 16:21:27,4,0,0
2021-08-12 17:21:30,4,0,0
2021-08-12 18:21:52,4,0,0
2021-08-12 19:21:29,4,0,0
2021-08-12 21:22:15,4,0,0
2021-08-12 23:21:30,4,0,0
2021-08-13 00:21:31,4,0,0
2021-08-13 01:21:49,4,0,0
2021-08-13 02:21:29,4,0,0
2021-08-13 03:21:26,4,0,0
2021-08-13 05:21:07,4,0,0
2021-08-13 06:21:22,4,0,0
2021-08-13 07:21:25,4,0,0
2021-08-13 09:21:00,4,0,0
2021-08-13 10:21:26,4,0,0
2021-08-13 11:21:31,4,0,0
2021-08-13 13:21:23,4,0,0
2021-08-13 14:21:26,4,0,0
2021-08-13 15:21:00,4,0,0
2021-08-13 16:21:25,4,0,0
2021-08-13 17:21:29,4,0,0
2021-08-13 19:21:28,4,0,0
2021-08-13 20:21:43,4,0,0
2021-08-13 21:21:24,4,0,0
2021-08-13 22:21:26,4,0,0
2021-08-13 23:21:31,4,0,0
2021-08-14 00:21:36,4,0,0
2021-08-14 01:21:46,4,0,0
2021-08-14 02:21:24,4,0,0
2021-08-14 03:21:28,4,0,0
2021-08-14 04:21:25,4,0,0
2021-08-14 05:21:08,4,0,0
2021-08-14 06:21:23,4,0,0
2021-08-14 09:20:59,4,0,0
2021-08-14 10:21:27,4,0,0
2021-08-14 11:21:29,4,0,0
2021-08-14 12:21:27,4,0,0
2021-08-14 13:21:42,4,0,0
2021-08-14 14:21:40,4,0,0
2021-08-14 15:21:25,4,0,0
2021-08-14 16:21:27,4,0,0
2021-08-14 17:21:29,4,0,0
2021-08-14 18:21:50,4,0,0
2021-08-14 19:21:52,4,0,0
2021-08-14 20:21:46,4,0,0
2021-08-14 21:21:39,4,0,0
2021-08-14 22:21:47,4,0,0
2021-08-14 23:21:46,4,0,0
2021-08-15 00:22:06,4,0,0
2021-08-15 01:21:43,4,0,0
2021-08-15 02:21:40,4,0,0
2021-08-15 03:21:49,4,0,0
2021-08-15 04:21:41,4,0,0
2021-08-15 05:21:15,4,0,0
2021-08-15 06:21:31,4,0,0
2021-08-15 07:21:55,4,0,0
2021-08-15 08:21:05,4,0,0
2021-08-15 09:21:01,4,0,0
2021-08-15 10:21:30,4,0,0
2021-08-15 11:21:32,4,0,0
2021-08-15 12:21:31,4,0,0
2021-08-15 13:21:29,4,0,0
2021-08-15 15:21:37,4,0,0
2021-08-15 16:21:36,4,0,0
2021-08-15 18:21:31,4,0,0
2021-08-15 19:21:46,4,0,0
2021-08-15 20:21:25,4,0,0
2021-08-15 21:21:27,4,0,0
2021-08-15 22:21:28,4,0,0
2021-08-15 23:21:26,4,0,0
2021-08-16 00:21:23,4,0,0
2021-08-16 01:21:25,4,0,0
2021-08-16 02:21:28,4,0,0
2021-08-16 04:21:31,4,0,0
2021-08-16 05:21:10,4,0,0
2021-08-16 06:21:31,4,0,0
2021-08-16 07:21:27,4,0,0
2021-08-16 08:21:05,4,0,0
2021-08-16 09:21:03,4,0,0
2021-08-16 10:21:33,4,0,0
2021-08-16 11:21:37,4,0,0
2021-08-16 13:21:40,4,0,0
2021-08-16 15:21:37,4,0,0
2021-08-16 16:21:35,4,0,0
2021-08-16 17:21:36,4,0,0
2021-08-16 18:21:40,4,0,0
2021-08-16 19:21:57,4,0,0
2021-08-16 21:21:32,4,0,0
2021-08-16 22:21:33,4,0,0
2021-08-16 23:21:46,4,0,0
2021-08-17 00:21:27,4,0,0
2021-08-17 01:21:27,4,0,0
2021-08-17 02:21:37,4,0,0
2021-08-17 03:21:39,4,0,0
2021-08-17 04:21:49,4,0,0
2021-08-17 05:21:26,4,0,0
2021-08-17 06:21:28,4,0,0
2021-08-17 07:21:27,4,0,0
2021-08-17 08:21:08,4,0,0
2021-08-17 09:21:04,4,0,0
2021-08-17 10:21:32,4,0,0
2021-08-17 11:21:39,4,0,0
2021-08-17 13:21:32,4,0,0
2021-08-17 14:21:32,4,0,0
2021-08-17 15:21:32,4,0,0
2021-08-17 16:21:31,4,0,0
2021-08-17 17:21:14,4,0,0
2021-08-17 18:21:45,4,0,0
2021-08-17 19:21:51,4,0,0
2021-08-17 20:21:34,4,0,0
2021-08-17 21:21:49,4,0,0
2021-08-17 22:21:37,4,0,0
2021-08-17 23:21:50,4,0,0
2021-08-18 00:21:32,4,0,0
2021-08-18 01:21:44,4,0,0
2021-08-18 02:21:28,4,0,0
2021-08-18 03:21:39,4,0,0
2021-08-18 04:21:35,4,0,0
2021-08-18 06:21:26,4,0,0
2021-08-18 07:21:27,4,0,0
2021-08-18 09:20:53,4,0,0
2021-08-18 10:21:31,4,0,0
2021-08-18 11:21:29,4,0,0
2021-08-18 12:21:50,4,0,0
2021-08-18 13:21:29,4,0,0
2021-08-18 14:21:25,4,0,0
2021-08-18 15:21:23,4,0,0
2021-08-18 16:21:22,4,0,0
2021-08-18 17:21:27,4,0,0
2021-08-18 18:21:30,4,0,0
2021-08-18 19:21:36,4,0,0
2021-08-18 20:21:34,4,0,0
2021-08-18 21:21:24,4,0,0
2021-08-18 22:21:27,4,0,0
